,date,publication,words,author,title,intro
0,2013-11-18,Les Echos,478mots,KOSCIUSKO-MORIZET,Climat : encore une conférence de transition,    ... La conférence de l'ONU sur le  climat à Varsovie entre dans sa phase politique.  ...  
1,2013-11-20,Les Echos,529mots,JOEL COSSARDEAUX,Climat : la France tente de poser les jalons d'un accord ambitieux à Paris en 2015,    ... La conférence mondiale de Varsovie sur le  climat entre dans le dur des négociations.La diplomatie française est à la manoeuvre pour préparer l'accord attendu à Paris en 2015.  ...  
2,2013-11-15,Les Echos,432mots,VIRGINIE ROBERT|JOEL COSSARDEAUX,"Pascal Canfin : « Il faut imposer un ""stress test"" climat dans les projets d'infrastructures »","    ...  gestion des risques. C'est un des enjeux du succès de la conférence sur le  climat qui se tiendra en 2015, à Paris. Il faut mobiliser les assureurs pour mieux protéger les ...  "
3,2013-09-23,Les Echos,836mots,PAUL MOLGA,Climat : le Giec toujours plus pessimiste,"    ... Le 5 e rapport du Giec, qui sera dévoilé vendredi, annonce une aggravation du dérèglement  climatique. La fonte des glaces va s'accélérer et le niveau des mers fortement augmenter.  ...  "
4,2013-09-30,Les Echos,377mots,JOEL COSSARDEAUX,Changement climatique : les Etats placés au pied du mur,    ... Les scientifiques du Giec exhortent les gouvernements à passer à l'action.Le sommet de 2015 sur le  climat sonne comme celui de la dernière chance.  ...  
5,2013-09-17,Les Echos,510mots,,Le réchauffement global vu au niveau local,        ... Un groupe de scientifiques a travaillé deux ans pour évaluer l'impact du changement  climatique en Aquitaine. L'objectif : éviter le pire en s'adaptant dès aujourd'hui.  ...  
6,2013-11-15,Les Echos,398mots,JOEL COSSARDEAUX,Les pays du Sud payent au prix fort les catastrophes météorologiques,    ... Elles ont causé 2.500 milliards de dollars de dégâts en vingt ans.Les pays du Sud revendiquent des aides à la conférence  climat.  ...  
7,2013-12-20,Les Echos,348mots,SHARON WAJSBROT,"En difficulté, CDC Climat cherche à changer de cap","    ...  a d'ailleurs créé un pôle spécifique chapeauté par Pierre Ducret. le PDG de CDC  Climat, filiale dédiée au développement durable. Mais la mise en oeuvre des ambitions du groupe public promet ...  "
8,2013-09-27,Les Echos,474mots,VINCENT CHAMPAIN,Comment lutter contre le réchauffement climatique,"    Alors que la crise a relégué au second plan la question du réchauffement  climatique, les doutes fusent sur la réalité même de ce phénomène. Et parmi ceux qui l'admettent, certains contestent ...  "
9,2013-11-25,Les Echos,342mots,JOEL COSSARDEAUX,Plus d'impasses que d'avancées pour le Sud,"    ... 'un abondement de plus de 100 millions de dollars du Fonds d'adaptation au changement  climatique. Cette «  recharge  », presque entièrement fournie par les pays européens, va remettre à flot ce fonds tombé ...  "
10,2013-09-16,Les Echos,135mots,YANN VERDO,Le réchauffement du climat va intensifier les invasions biologiques,"    ...  du Giec, qui fera le point sur les dernières connaissances scientifiques en matière de changement  climatique, une étude parue dans « Global Change Biology » vient souligner que ce réchauffement ne sera pas sans ...  "
11,2013-11-12,Les Echos,371mots,JOEL COSSARDEAUX,Le sommet climat de Varsovie sous pression,    ... Le typhon Haiyan souffle sur la 19 e Conférence de l'ONU sur le  climat. Le Sud demande en urgence au Nord de réparer ses dégâts.  ...  
12,2013-11-25,Les Echos,520mots,JOEL COSSARDEAUX,Climat : l'horizon commence à s'ouvrir pour un nouvel accord en 2015,"    Cela aurait pu très mal finir. Le spectre d'un rendezvous sur le  climat pour rien, c'estàdire sans accord, comme à La Haye en 2000, qui s'était ...  "
13,2013-09-27,Les Echos,634mots,JOEL COSSARDEAUX,Réchauffement climatique : les données alarmantes que publient les chercheurs,    ...  verdict que s'apprête à rendre le Groupe intergouvernemental d'experts sur l'évolution du  climat (Giec) est sans appel : l'homme est bien le coupable. Les scientifiques qui ont travaillé sur ...  
14,2013-09-09,Les Echos,318mots,RICHARD HIAULT,"Fiscalité, commerce, climat : les principales avancées du G20","    ...  échanges, l'agriculture et le développement serait un tremplin pour la libéralisation du commerce multilatéral ».  Climat Avant la conférence  climat à Paris l'an prochain, le G20 s'est entendu sur le ...  "
15,2013-09-27,Les Echos,248mots,PASCAL POGAM,Effondrement,"    ...  au doute. Voilà cinq ans, déjà, le Groupe d'experts intergouvernemental sur l'évolution du  climat (Giec) avait marqué les esprits en démontrant la réalité du réchauffement  climatique, et en soulignant l ...  "
16,2013-11-14,Les Echos,165mots,PASCAL POGAM,"Jean Jouzel climatologue, vice-président du GIEC",    ...  avec des vents de plus de 300 km/h. Mais cela reste exceptionnel. » Le réchauffement  climatique :  « On observe une hausse de l'intensité des cyclones dans l'Atlantique Nord et des typhons ...  
17,2013-09-04,Les Echos,449mots,MATTHIEU QUIRET,"En plein blues, le bilan carbone refait surface","    ...  Grenelle de l'environnement à la fin des années 2000, la mesure de l'empreinte  climatique des entreprises s'est essoufflée, éclipsée par la réduction de la consommation énergétique, plus « vendable » aux ...  "
18,2013-10-30,Les Echos,177mots,JOEL COSSARDEAUX,Les ONG furieuses,"    ...  Pour son porteparole, Matthieu Orphelin,  « le bilan du gouvernement est clairement négatif » . Le Réseau Action  Climat (RAC) n'est pas moins sévère. Hier, ses représentants ont dénoncé le  « piètre exemple »  donné par ...  "
19,2013-09-27,Les Echos,334mots,BENOIT GEORGES,Menaces sur la planète,"    ... Audelà du  climat, Al Gore élargit son propos à tous les types de risques, économiques et écologiques. Al Gore, La Martinière, 624 pages, 29,90 euros  ...  "
20,2013-09-13,Les Echos,594mots,GERARD MOATTI,Devrons-nous un jour rompre avec l'idée de croissance ?,"    ...  en tout cas dans ses modalités actuelles, en raison des dégâts qu'elle provoque : dérèglement  climatique, épuisement des ressources naturelles, détériorations irréversibles de l'environnement... Depuis plusieurs décennies, ces inquiétudes nourrissent une ...  "
21,2013-11-13,Les Echos,374mots,YVES BOURDILLON,Le monde se porte au secours des Philippines,"    ...  inférieure en décembre dernier. La puissance de ce typhon a immédiatement été associée au réchauffement  climatique, mais plusieurs experts scientifiques soulignaient hier qu'il était impossible d'associer une catastrophe particulière à ...  "
22,2013-11-19,Les Echos,76mots,LES ECHOS,Catastrophes naturelles : 200 milliards de dollars de pertes par an,"    ...  rapport publié hier par la Banque mondiale, qui appelle à l'action contre le changement  climatique. Ces trente dernières années, quelque 2,5 millions de personnes ont été tuées dans des catastrophes ...  "
23,2013-11-26,Les Echos,278mots,MARIE-JOSEE COUGARD,Les terres arables manquent en Asie et au Moyen-Orient,    ...  Vilmorin dans leurs recherches de semences adaptées à toutes les qualités de terre et de  climat. Potentiel naturel inexploité La situation se présente évidemment sous des aspects très différents selon les régions ...  
24,2013-09-27,Les Echos,73mots,JOEL COSSARDEAUX,Réchauffement climatique : le scénario du pire se confirme,    ...  de « résumé pour décideurs » élaboré par le Groupement intergouvernemental d'experts sur l'évolution du  climat (Giec) et auquel « Les Echos » ont pu avoir accès. La planète pourrait être plus chaude de ...  
25,2013-09-27,Les Echos,360mots,PAUL MOLGA,Hervé Le Treut : « Il faut passer à l'anticipation régionale des changements climatiques »,    ... Fautil se résoudre à cette fatalité ? Les conséquences du réchauffement  climatique donnent toute la mesure de l'urgence à mettre en place des stratégies d'adaptation localisée. Une région comme l ...  
26,2013-10-22,Les Echos,347mots,,Pourquoi le Royaume-Uni croit au nucléaire,"        ... 'énergie nucléaire. Hinkley Point C fournira une électricité stable, sobre en carbone et respectueuse du  climat et alimentera quelque 6 millions de foyers britanniques (près de deux fois la taille de Londres ...  "
27,2013-09-30,Les Echos,246mots,HERVé LE TREUT,"Le rapport du Giec, et après ?","    ...  dernier, du cinquième rapport du groupe 1 du Giec, consacré aux constats concernant le système  climatique, conclut un cycle de six ans qui s'est ouvert avec la finalisation du rapport précédent ...  "
28,2013-11-06,Les Echos,754mots,KARL DE MEYER,"L'an I d'Obama II, une bérézina","    ...  de son investiture, il a consacré un très long passage de son discours au changement  climatique. Douze mois plus tard, la croissance n'est pas au rendezvous. La classe moyenne n ...  "
29,2013-09-20,Les Echos,583mots,JOEL COSSARDEAUX|PIERRE-ALAIN FURBURY,Environnement : Hollande donne des gages aux Verts,    ... Le chef de l'Etat ouvre aujourd'hui à Paris la deuxième conférence environnementale du quinquennat.La contribution  climaténergie rapportera 4 milliards en 2016.  ...  
30,2013-09-24,Les Echos,90mots,LES ECHOS,Olivier Domergue,"    ...  sur le Projet Azur. En 2003, il assure le développement et le pilotage du génie  climatique en IledeFrance d'ETDE (Bouygues Energie et Services). Il entre chez SPIE en 2007 ...  "
31,2013-09-02,Les Echos,320mots,EMMANUEL GUIMARD,Froid industriel : Cesbron va sortir du giron familial,"    ...  trois générations, de la société spécialisée dans le monde du froid industriel et du génie  climatique, la famille Cesbron cherche à passer la main. L'entreprise, basée à SaintSylvaind'Anjou ...  "
32,2013-09-23,Les Echos,322mots,DAVID BARROUX,Nucléaire : pour un donnant-donnant,"    ...  l'utilisation de plus de gaz ou de charbon contribuera à une accélération du réchauffement  climatique. Un jour, les énergies alternatives auront peutêtre suffisamment progressé pour se substituer à l'atome ...  "
33,2013-11-28,Les Echos,180mots,,Réchauffement climatique,"        ...  quelque 10 % du capital d'Atos, la moitié de sa participation. Bien sûr, le réchauffement  climatique à la Bourse de Paris a remis sous tension les carnets d'ordres et le nombre ...  "
34,2013-12-20,Les Echos,874mots,MARIE-SOPHIE RAMSPACHER,Les baromètres détournés de leur vocation de vigie sociale,    ... 'est pas un outil de crise. Les entreprises qui par tradition ne mesurent pas le  climat ou la satisfaction des salariés ne s'y risquent guère lorsque l'ambiance se rafraîchit. A ...  
35,2013-09-26,Les Echos,400mots,ANNE FEITZ,Fiscalité verte : le gaz augmentera dès 2014,"    ... La contribution  climaténergie rapportera 340 millions d'euros l'an prochain. 0,13 centime d'euro par kilowattheure20 Euros  ...  "
36,2013-09-04,Les Echos,67mots,MATTHIEU QUIRET,Simplifier le millefeuille réglementaire,    ...  Le raslebol face à la multiplication des réglementations sur l'énergie et le  climat concernant les entreprises et les collectivités fait désormais consensus. L'Ademe annoncera lors de son colloque ...  
37,2013-11-19,Les Echos,303mots,JOEL COSSARDEAUX,La conférence climat éclipsée par le sommet du charbon,"    ...  dans la bergerie. Varsovie, qui accueille depuis une semaine la 19e Conférence mondiale sur le  climat, se trouve également être, jusqu'à aujourd'hui, la villehôte du Sommet international du charbon ...  "
38,2013-10-14,Les Echos,390mots,HENRI MARTRE,Le nucléaire reste l'avenir de la transition énergétique,"    ...  toutes ses formes, qu'il s'agisse des techniques correspondantes, de leur influence sur le  climat ou de la sécurité des populations. C'est un problème dont la connaissance appartient essentiellement aux ...  "
39,2013-11-22,Les Echos,352mots,JOEL COSSARDEAUX,Conférence climat : les ONG claquent la porte,"    Les ONG désespèrent de voir la conférence sur le  climat de Varsovie, qui s'achève officiellement demain, accoucher d'un accord un tant soit peu ambitieux. Et elles le font bruyamment savoir ...  "
40,2013-09-23,Les Echos,449mots,LES ECHOS,Le palmarès des gérants de « hedge funds » les plus riches,"    ...  ce qui l'a conduit à remanier la stratégie d'un de ses fonds « all weather fund » (fonds pour tout type de  climat), en baisse de près de 7 % cette année.  ...  "
41,2013-09-23,Les Echos,424mots,LAURENT MARCAILLOU,L'Onera mise sur les nouvelles technologies d'imagerie aéroportée,"    ...  une résolution de 5 centimètres d'une zone sinistrée par une catastrophe, guideront les secours.  Climat et qualité de l'air Le Lima possède aussi deux lidars au sol qui mesurent le ...  "
42,2013-11-04,Les Echos,280mots,CECILE CORNUDET,"Cherche bouffée d'air, désespérément","    ...  préparent. L'Elysée semble en être convaincue. Mais la question est : quand ?  « Remanier dans ce  climat ne servirait à rien » , dit un conseiller du président.  « Il faut de l'oxygène pour qu ...  "
43,2013-11-15,Les Echos,313mots,FREDERIC SCHAEFFER,Denis Ferrand : « Il n'y a aucune reprise à l'oeuvre en France »,"    ...  Aujourd'hui, il n'y a ni l'un ni l'autre. L'amélioration du  climat des affaires est fragile et ne se traduit pas par des intentions d'investissement ou d ...  "
44,2013-10-31,Les Echos,39mots,LES ECHOS,ZONE EURO : LE CLIMAT DES AFFAIRES S'AMELIORE,"    Le  climat des affaires dans la zone euro s'est redressé à  0,01 retrouvant ainsi son niveau de février de l'an dernier. En septembre, il était encore à  0,19 ...  "
45,2013-12-17,Les Echos,55mots,LES ECHOS,RELIGION : Le Crif s'inquiète du « mauvais climat » en France,"    ...  Conseil représentatif des institutions juives de France, Roger Cukierman, s'est inquiété hier, du  « mauvais  climat général »  en France. La crise économique et surtout l'antisémitisme poussent les juifs à  « chercher fortune ...  "
46,2013-09-09,Les Echos,394mots,LEILA DE COMARMOND,Jean-Marie Pernot : « Ce sera plus une journée pour prendre date et mesurer la base sociale disponible »,"    Quel est le  climat social à la veille de la journée d'action sur les retraites ? Il est assez insaisissable. L'opinion apparaît désabusée, comme si elle avait intégré le fait que ...  "
47,2013-12-20,Les Echos,401mots,CATHERINE DUCRUET,"Le dénigrement des génériques, un sport national","    ... Climat de méfiance Pour l'Autorité de la concurrence, l'ampleur de ce dénigrement joue sur le  climat de méfiance généralisée qui entoure en France les génériques, y compris chez les professionnels ...  "
48,2013-12-17,Les Echos,292mots,JEAN-MARC JANCOVICI,Pas de croissance perpétuelle,"    Depuis qu'il existe des négociations sur le  climat, il est courant de dire que, si nous ne « faisons rien », les émissions continueront à augmenter indéfiniment, jusqu'au moment où... où quoi ...  "
49,2013-11-28,Les Echos,340mots,JEAN-PHILIPPE LACOUR,Les tensions dans le système financier au plus bas depuis 2007,    ... Le rapport de la BCE souligne la baisse des risques systémiques sur les banques.Le  climat économique continue cependant de peser sur les performances.  ...  
50,2013-09-09,Les Echos,248mots,FREDERIC SCHAEFFER,Le moral des ménages se redresse peu à peu,"    ...  vient s'ajouter au retour de la croissance au deuxième trimestre, à l'amélioration du  climat des affaires dans l'industrie, les services et le commerce de détail ou encore au retour ...  "
51,2013-10-04,Les Echos,474mots,FREDERIC SCHAEFFER,"Croissance : l'éclaircie se confirme, juge l'Insee","    ...  l'année , souligne Cédric Audenis, chef du département de la conjoncture de l'Insee.  Le  climat des affaires, qui avait commencé à se redresser dans l'industrie au printemps, s'améliore désormais ...  "
52,2013-09-23,Les Echos,340mots,JOEL COSSARDEAUX,Fiscalité et nucléaire vont financer la transition énergétique,"    ... Indolore en 2014, la contribution  climat énergie rapportera 4 milliards d'euros en 2016.Le parc nucléaire est appelé à la rescousse pour financer la transition énergétique.  ...  "
53,2013-11-15,Les Echos,426mots,PIERRE-ALAIN FURBURY,"Entre « blues » et fatigue, l'exécutif rêve de « ciel bleu »","    ...  On attend un rebond qui ne vient pas » , lâche un socialiste. Il y a le  climat de tensions dans une France que le président avait pour objectif d' « apaiser » . Il y a ...  "
54,2013-11-22,Les Echos,409mots,MARIE-CHRISTINE CORBIER,Rythmes scolaires : les syndicats vont au bras de fer,"    ...  pour  « amplifier le dialogue avec les collectivités et aider les maires, surtout les plus inquiets ». «  Climat d'exaspération » Alors que le front des élus semblait s'éclaircir hier, celui des enseignants s ...  "
55,2013-11-20,Les Echos,22mots,LES ECHOS,Climat : Paris pose ses jalons pour 2015,    La diplomatie française est à la manoeuvre à la conférence  climat de Varsovie pour obtenir un accord international ambitieux en 2015 à Paris.  ...  
56,2013-12-05,Les Echos,376mots,GUILLAUME DE CALIGNON,L'inquiétante rechute du moral des patrons,"    ...  le recul du PIB de 0,1 % au troisième trimestre, sont probablement passés par là.  Climat anxiogène Pour preuve, le chômage a beau avoir baissé en octobre, 87 % des chefs d'entreprise ...  "
57,2013-12-27,Les Echos,415mots,MICHEL DE GRANDI,Comment Shinzo Abe est parvenu à réinstaurer un climat de confiance,"    ...  structurelles » , résume Evelyne DourilleFeer, économiste au Cepii. S'il est parvenu à réinstaurer un  climat de confiance, le Premier ministre s'est attiré en même temps les sermons des organismes internationaux ...  "
58,2013-11-06,Les Echos,56mots,JOEL COSSARDEAUX,Climat : l'ONU de plus en plus inquiète,"    ...  pays étudiés adhèrent aux accords sur leur limitation, selon un rapport des Nations Unies publié hier, à une semaine de l'ouverture de la conférence annuelle sur le  climat à Varsovie.  ...  "
59,2013-09-30,Les Echos,188mots,ANNE BAUER,L'Europe est le seul continent à avoir baissé ses émissions,"    ...  95 % sûr que vous avez une maladie grave ?  », a réagi Connie Hedegaard, commissaire européen au  Climat, en soulignant qu'il ne s'agissait plus de croire ou non au réchauffement, mais d ...  "
60,2013-12-13,Les Echos,229mots,ETIENNE LEFEBVRE,Climat de défiance,    L'épisode est symptomatique du  climat de défiance et d'incompréhension entre la majorité et le monde de l'entreprise. Résumons brièvement l'affaire : lors de l'examen à l'Assemblée du ...  
61,2013-09-02,Les Echos,516mots,LAURENCE ALBERT|DIDIER HUGUE|DIDIER BONNET|VINCENT CHARBONNIER|HUBERT VIALATTE,Les vendanges 2013 s'ouvrent sous des auspices difficiles,"    ...  alors que la tendance était, dans certaines régions aux vendanges précoces du fait du réchauffement  climatique.  « Nous allons retrouver les habitudes des années 1980 et 1970. Ici, les dernières vendanges aussi tardives ...  "
62,2013-10-30,Les Echos,357mots,DAVID BARROUX,Lutte des classes de neige,"    ... Pour lutter contre le réchauffement  climatique qui menace la planète, des scientifiques proposent de balancer dans l'atmosphère un gaz refroidissant... La Terre replonge instantanément dans l'ère glaciaire, rayant ainsi de ...  "
63,2013-10-02,Les Echos,394mots,PAUL MOLGA,"Max, des burgers maigres en empreinte carbone",    ...  réalisé par les propriétaires des 86 fastfoods de la chaîne pour réduire l'impact  climatique de leur nourriture. Toute la chaîne logistique est concernée.  « Pas question de laisser un seul élément ...  
64,2013-10-08,Les Echos,462mots,,"Pour les entreprises, l'abri antinumérique n'existe pas","        ...  antinumérique, car le numérique change la règle du jeu dans tous les secteurs. Le changement  climatique a tué les dinosaures mais permis l'émergence des mammifères. Le numérique est le secteur de ...  "
65,2013-10-31,Les Echos,398mots,KARL DE MEYER,Sandy a obligé les Etats-Unis à se préparer à d'autres désastres naturels,"    ...  lui aussi présenté un rapport, en septembre, pour préparer le pays aux conséquences du réchauffement  climatique. Il insiste lui aussi sur les réseaux électriques et les réseaux de télécommunications. Un grand nombre ...  "
66,2013-09-17,Les Echos,139mots,,Des vendanges en juillet,"        ...  la rive droite et notamment des saintémilion, pourrait bien être une victime du changement  climatique. La faute à une maturité qui pourrait intervenir avec quarante jours d'avance d'ici à ...  "
67,2013-11-25,Les Echos,180mots,YANN VERDO,Goce Le sismographe volant,"    ...  permettre aux scientifiques d'approfondir leur compréhension de bon nombre de mécanismes clefs du système  climatique, comme la circulation océanique, les variations du niveau des mers, mais aussi les processus à l ...  "
68,2013-10-23,Les Echos,411mots,KARL DE MEYER,Le boom du « fracking » offre à l'industrie pétrochimique américaine un avantage compétitif,"    ...  de la crédibilité de la MaisonBlanche quand elle évoque sa lutte contre le réchauffement  climatique. Aux EtatsUnis, on présente facilement le gaz naturel comme une énergie propre, en omettant de ...  "
69,2013-11-12,Les Echos,264mots,RENAUD HONORE,L'UE fait un premier pas pour sauver le marché du CO2,"    ...  réforme profonde d'un système moribond, longtemps présenté comme la pierre angulaire de la politique  climatique de l'Union. Cette refonte devrait être présentée en janvier, selon un expert, dans le cadre ...  "
70,2013-11-25,Les Echos,181mots,YANN VERDO,Cryosat La sentinelle des pôles,"    ...  au sud de la Terre jouent un rôle clef dans la régulation de son système  climatique, mais ils n'ont pas encore fait toute la lumière sur les mécanismes en jeu dans ...  "
71,2013-12-20,Les Echos,214mots,,Piste noire,"        ...  parcs de loisirs (Astérix, Grévin, Walibi, Futuroscope...) n'ont pas apporté les bénéfices de diversification  climatique et saisonnière escomptés, mais en plus il n'est plus temps de se vanter d'avoir ...  "
72,2013-10-14,Les Echos,75mots,LES ECHOS,L'Inde a fait face au cyclone Phailin,"    ...  1 million de personnes) jamais mis en oeuvre par le pays face à un phénomène  climatique, estiment les experts. Quelque 600.000 personnes sont néanmoins sans abri et les dégâts sont importants ...  "
73,2013-10-28,Les Echos,355mots,,GDF Suez croit au potentiel à long terme du pays,"        ...  réduire leurs émissions de CO2, et nous, nous ne demandons pas mieux que le réchauffement  climatique ! » . Même les projets éoliens pourraient fleurir, car la Mongolie est balayée par des vents puissants qui ...  "
74,2013-11-19,Les Echos,65mots,VERONIQUE CHOCRON,Zurich va investir jusqu'à 1 milliard de dollars dans des obligations « vertes »,"    ...  dans des obligations « vertes », qui financeront des projets permettant d'atténuer les effets du changement  climatique. Le premier assureur suisse entend devenir le plus gros investisseur au niveau mondial sur ce type ...  "
75,2013-11-21,Les Echos,543mots,NESSIM AIT-KACIMI,Dans le monde secret des traders haute fréquence,"    ...  le THF avec Renaissance, raconte que ses anciens collègues étaient des chercheurs spécialistes du changement  climatique, de la bioinformatique ou des semiconducteurs, loin du profil type de Wall Street. Beaucoup ...  "
76,2013-12-18,Les Echos,116mots,LES ECHOS,"Serge Lepeltier, Bruno Delaye","    ...  2005. Il a également assumé la fonction d'ambassadeur chargé des négociations sur le changement  climatique de 2011 à 2013. En parallèle, il a siégé en tant que membre du conseil de ...  "
77,2013-11-18,Les Echos,839mots,VILLANI,Pourquoi le principe de précaution dérange,"    ...  Constitution : suspicion de risques graves et irréversibles pour l'environnement ? Considérons le cas du réchauffement  climatique ! Risque incertain, mais suspicion légitime de risque, avec maints indices, dont la confirmation, par le dernier ...  "
78,2013-12-02,Les Echos,189mots,SABINE DELANGLADE,Emmanuelle Cosse,"    ...  dernier congrès des Verts a été, une fois encore, l'occasion d'aggraver le réchauffement  climatique. Pourtant, on n'a guère vraiment débattu d'environnement écologique. Il ne fut pas non plus ...  "
79,2013-12-09,Les Echos,261mots,PASCAL AMBROSI,Thiriet modernise son usine vosgienne et développe son réseau de distribution,"    ...  comme fluide le CO2 à la place des fluides frigorigènes chimiques au potentiel de réchauffement  climatique élevé. Par ailleurs, cette technologie « sèche » élimine le risque sanitaire lié à la légionellose. 1.200 ...  "
80,2013-10-07,Les Echos,255mots,PASCAL PICQ,Pour une évolution (enfin) responsable,"    Avec le rapport du Giec, la suite du « progrès » s'annonce chaude. Cependant, le réchauffement  climatique n'est pas une catastrophe en soi, à condition de savoir nous y adapter. Le problème ...  "
81,2013-10-17,Les Echos,318mots,THIBAUT MADELIN,Débat après la révélation de dons controversés à la CDU,"    ...  qui contrôle 47 % de BMW, ont rejeté tout lien entre le don et la politique  climatique du gouvernement. Jürgen Trittin, coprésident du parti écologiste, estime, lui, que la famille industrielle a «  acheté ...  "
82,2013-11-19,Les Echos,1258mots,KARL DE MEYER,"Miami, symbole de la « bulle » portuaire américaine","    ...  l'étanchéité des gigantesques portes qui doivent le maintenir au sec en cas d'événement  climatique extrême, et il sera prêt à accueillir les norias de camions qui s'élanceront vers le ...  "
83,2013-10-14,Les Echos,280mots,THIBAUT MADELIN,Berlin envisage de créer des « réserves stratégiques » afin d'éviter les black-out,"    ...  fin à la hausse des émissions de CO2. «  Je suis en faveur d'une politique  climatique ambitieuse  », a déclaré récemment le ministre CDU de l'Environnement, Peter Altmaier, dont la fibre écologiste ...  "
84,2013-10-28,Les Echos,151mots,YANN VERDO,Comment Mars est devenue une planète morte,"    Et si la lutte contre le réchauffement  climatique sur Terre passait... par la Planète rouge ? Dans un article publié dans « Nature Communications », une équipe de chercheurs écossais et anglais démontre le processus ...  "
85,2013-11-25,Les Echos,257mots,HERVé LE TREUT,Les leçons du typhon Haiyan,    ...  dramatiques du typhon Haiyan qui a ravagé les Philippines. Les premiers signes d'un changement  climatique sont désormais observables et les pays de la zone intertropicale nourrissent une crainte particulière à cet ...  
86,2013-12-11,Les Echos,393mots,VIRGINIE ROBERT,Le Canada réitère ses prétentions territoriales sur le pôle Nord et irrite ses voisins,"    Le réchauffement  climatique, qui libère peu à peu des réserves fossiles encore à explorer dans le Grand Nord et la volonté du gouvernement Harper d'asseoir la souveraineté nationale du Canada dans ...  "
87,2013-10-07,Les Echos,920mots,YANN VERDO,Bienvenue dans l'Anthropocène !,    ...  dramatiques de cette modification de la composition chimique de l'atmosphère en termes de réchauffement  climatique. La deuxième caractéristique phare de l'Anthropocène est l'extraordinaire accélération du rythme de disparition des ...  
88,2013-12-06,Les Echos,402mots,CEDRIC FREOUR,Les autos jouent les stars à LA,"    ...  de vingt ans, sur la voiture écologique. Une hérésie au pays du pétrole. Mais, dérèglement  climatique et OGM aidant, Hollywood s'est sensibilisé au respect de l'environnement plus vite que le ...  "
89,2013-10-03,Les Echos,441mots,FRANCOIS BOURGUIGNON,De nouveaux objectifs pour le développement,"    ...  seraient une extension des objectifs initiaux, y compris, au niveau mondial, la maîtrise du réchauffement  climatique. Dans la mesure où les OMD seront encore loin d'être atteints à l'horizon 2015 ...  "
90,2013-10-28,Les Echos,808mots,HENRI GIBIER,L'introuvable rentrée sociale,"    ...  moment en une tornade. Mais sur le long terme, en matière sociale aussi, le réchauffement  climatique est incontestable. Cela s'explique, jusqu'à un certain degré, par la modernisation de nos relations ...  "
91,2013-12-16,Les Echos,389mots,VIRGINIE ROBERT,Le monde face aux défis d'une croissance déséquilibrée,"    ...  propose la règle des 203040 pour s'attaquer à la question du réchauffement  climatique.  « Il faut réunir les pays du G20, les 30 premières multinationales et les 40 plus importantes ...  "
92,2013-10-21,Les Echos,191mots,YANN VERDO,Ces historiens qui ont l'oreille des assureurs,"    ...  privés, ces données leur permettent de calculer ce que leur coûterait tel ou tel événement  climatique passé s'il devait se reproduire aujourd'hui. Une façon pour les compagnies de ne pas ...  "
93,2013-10-02,Les Echos,316mots,JULIE LE BOLZER,Pur Projet : quand les entreprises font de l'entrepreneuriat social,"    ...  petits producteurs locaux sont en mesure de participer activement à la lutte contre le réchauffement  climatique,  souligne Tristan Lecomte.  La clef est la mise en réseau de tous ces acteurs, pour créer ...  "
94,2013-12-11,Les Echos,464mots,,L'émergence des maires comme acteurs de la mondialisation,        ...  l'association C40 réunit les grandes villes du monde concernées par l'adaptation au changement  climatique. Le maire de Rio succédera au maire de New York pour assurer la présidence de cette ...  
95,2013-09-10,Les Echos,742mots,JEAN-MARC VITTORI,Mort d'un directeur financier,"    ...  prêt à prendre la tête d'un constructeur concurrent, n'indique pas non plus un  climat d'une douceur excessive. Et dans ces bagarres, le directeur financier est particulièrement exposé. Sa responsabilité ...  "
96,2013-09-16,Les Echos,407mots,FREDERIC SCHAEFFER,Croissance : les prévisions de Bercy confortées par les économistes,"    ...  signaux encourageants de l'été (hausse du PIB au deuxième trimestre, amélioration des enquêtes du  climat des affaires) ont changé la donne. Le risque d'une récession en 2013 est désormais écarté ...  "
97,2013-09-20,Les Echos,746mots,ADRIEN GOMBEAUD,Alaska into the wild,"    ...  sont exilés au début du XXe siècle. Quelques milliers se sont réfugiés en Alaska. »  Le  climat, le relief forment un rempart, un univers protégé par sa violence même. Un monde renversé L ...  "
98,2013-10-11,Les Echos,411mots,NESSIM AIT-KACIMI,Les marchés des changes font leur première victime,"    ...  des acquisitions, tant la période est délicate. Les rendements des différentes stratégies sont modestes. Un  climat paradoxal où les incertitudes ont été élevées mais sans grand impact sur la volatilité, qui demeure ...  "
99,2013-09-30,Les Echos,185mots,LUCIE ROBEQUAIN,Les Etats-Unis agissent sur les centrales à charbon,    Les centrales à charbon américaines constituent les plus gros pollueurs du pays. Elles produisent 40 % de l'électricité et un tiers des émissions de gaz à effet de serre. C'est ...  
100,2013-10-28,Les Echos,103mots,LES ECHOS,Les actionnaires de la SNCM confirment leur engagement financier,"    ...  jusqu'en janvier et les discussions sur le projet industriel vont pouvoir reprendre dans un  climat plus apaisé », s'est félicité Eugène Caselli, président (PS) de la communauté urbaine de Marseille.  ...  "
101,2013-10-28,Les Echos,311mots,STANISLAS DU GUERNY,La Bretagne reste vent debout contre l'écotaxe pour les poids lourds,"    ... Après les violences de samedi dans le Finistère, le  climat reste électrique en Bretagne contre l'instauration prochaine de l'écotaxe.  ...  "
102,2013-10-15,Les Echos,210mots,MARIE BELLAN,L'exécutif digère mal le carton jaune de Gattaz,"    ... 'a reçu. Pas sûr que Pierre Gattaz ait gagné au change, car avec Matignon, le  climat n'est pas au beau fixe. Entre le Premier ministre et le patron du Medef, tout ...  "
103,2013-09-25,Les Echos,319mots,,Mieux financer nos champions de demain,        ...  une trop longue période de gestation. Seule une dynamique de place permettra d'instaurer un  climat de confiance entre émetteurs et souscripteurs pour ne pas limiter ces nouveaux outils à des ETI ...  
104,2013-09-25,Les Echos,738mots,PIERRE DE GASQUET,Pourquoi l'Italie a besoin de mettre un tigre dans son moteur,    ...  déficit italien traduit bien l'agacement des technocrates européens face à l'insoutenable volatilité du  climat politique italien. Ils ne sont pas les seuls à s'inquiéter. Comment se fier raisonnablement à ...  
105,2013-10-21,Les Echos,466mots,INGRID FEUERSTEIN,PSA : accord en vue sur la compétitivité,"    ... Négociations difficiles Malgré quelques jours de grève, les négociations se sont déroulées dans un  climat relativement serein pour un accord qui consiste tout de même à revenir sur des acquis sociaux. Même ...  "
106,2013-10-21,Les Echos,468mots,VERONIQUE RICHEBOIS,Marques : les Français prennent leurs distances,"    ...  édition de l'étude réalisée par l'agence Australie (Leclerc, CIC...) et TNS Sofres, le  climat n'est ni à la détestation ni aux effusions du tout début... mais à une cohabitation ...  "
107,2013-09-24,Les Echos,119mots,LES ECHOS,L'espagnol Repsol émet de la dette dans un climat propice,    ... L'espagnol Repsol émet de la dette dans un  climat propice  ...  
108,2013-11-20,Les Echos,920mots,,La rationalisation administrative reste encore taboue en France,"        ...  véritable omerta sur le sujet,  confirme JeanMichel Demaison.  Les groupes y réfléchissent dans un  climat de psychose : ils donnent des noms de code à leurs projets et fixent des rendezvous ...  "
109,2013-11-15,Les Echos,495mots,ROGER-POL DROIT,"Grogne, rogne, et après ?","    ...  de chose, somme toute, presque habituel, dans ce pays souvent agité. Pourtant, cette fois, le  climat d'ensemble tend à persuader que le feu couve. L'administration préfectorale ellemême parle  « de ...  "
110,2013-11-15,Les Echos,655mots,JEAN-FRANCIS PECRESSE,Comprendre la crise d'hier et celle de demain,"    ...  ceux promis aux plus longues et aux plus grandes difficultés. Dans un propos auquel le  climat social de la France d'aujourd'hui fait immanquablement écho, les auteurs notent que la stratégie ...  "
111,2013-11-28,Les Echos,363mots,NICOLAS MADELAINE,"Au Royaume-Uni, un contexte politique trop incertain","    ...  d'euros), avec 240 turbines pouvant alimenter 900.000 foyers. Et beaucoup craignent que le  climat d'incertitude politique et juridique entraîne d'autres annulations de projet. Le RoyaumeUni est en ...  "
112,2013-11-08,Les Echos,411mots,JEAN-FRANCIS PECRESSE,Vingt ans après,"    ...  ses dehors civilisés, toute la région possède un caractère sauvage. C'est vrai jusqu'au  climat, impétueux et changeant, trop humide, trop venteux ou trop sec. « Il n'y a jamais d ...  "
113,2013-11-06,Les Echos,342mots,YVES BOURDILLON,La Tunisie ne parvient pas à sortir de la crise politique,"    ...  consommateurs et investisseurs. Les recettes touristiques sont durement affectées par les incertitudes et par le  climat sécuritaire. L'inflation demeure élevée, à près de 6 %, et le dinar a perdu 10 % de ...  "
114,2013-12-10,Les Echos,723mots,JEAN-MARC VITTORI,Le pays qui avait peur de tout,"    ...  Piège ! C'est l'histoire d'un étrange pays béni des dieux, avec un doux  climat et des paysages magnifiques, héritier d'une longue et riche histoire, emplis de talents humains et ...  "
115,2013-12-12,Les Echos,368mots,MICHEL DE GRANDI,Stéphane Monclaire : « Dilma Rousseff a retrouvé la cote de popularité qu'elle avait avant les manifestations de juin »,"    Après les manifestations du mois de juin, le  climat social vous paraîtil apaisé désormais ? Il y a bien encore quelques manifestations sporadiques à Rio de Janeiro et à São Paulo qui ...  "
116,2013-09-20,Les Echos,108mots,ELSA CONESA,[Le crédit d'impôt développement durable (CIDD...],"    ...  coût, sera prolongé jusqu'en 2015. Aujourd'hui, François Hollande ouvre la deuxième conférence environnementale du quinquennat. Un rendezvous important au cours duquel il défendra la nouvelle contribution  climaténergie.  ...  "
117,2013-09-23,Les Echos,530mots,ANNE BAUER,L'Europe attend une Allemagne plus constructive et plus généreuse,"    ...  s'il ne répond pas aux questions sur la politique de l'énergie et du  climat, domaine où la concertation est tombée au niveau zéro, sur la nécessité de relancer une politique ...  "
118,2013-09-02,Les Echos,297mots,FREDERIC SCHAEFFER,Hollande passe du « ras-le-bol fiscal » à la « pause fiscale »,"    ...  part de nos concitoyens » . Le gouvernement a eu beau argumenter que la future« contribution énergie  climat » ne serait pas une nouvelle taxe, la fiscalité a empoisonné l'université d'été du PS ...  "
119,2013-09-25,Les Echos,163mots,LES ECHOS,Paris se redresse après deux jours de baisse,"    ...  a gagné 0,21 %, à Francfort, le DAX a pris 0,34 %. En Allemagne, le  climat des affaires s'est amélioré pour le cinquième mois d'affilée en septembre, mais dans une ...  "
120,2013-09-26,Les Echos,780mots,JOEL COSSARDEAUX,Comment François Hollande a divisé les écologistes,"    ...  son côté, FNE ne s'est pas privé de critiquer certains aspects de la contribution  climat énergie (CCE). Le dispositif n'est  « pas suffisant » , a réagi son président.  « En particulier du fait ...  "
121,2013-09-17,Les Echos,262mots,,La Romainville met ses pâtisseries en réseau,"        ...  fonds propres de l'entreprise, jusqu'à la plonger dans une situation difficile. Dans un  climat social délétère, Didier Level et Yves Hombreux proposent alors de la reprendre.  « On s'est engagé ...  "
122,2013-09-10,Les Echos,63mots,CHRISTOPHE PALIERSE,Appel à la grève chez TUI France,"    Voyage :  Le  climat social se tend chez TUI France, à la suite de l'annonce d'une nouvelle restructuration (« Les Echos » d'hier). La CGT et FO appellent aujourd'hui à un ...  "
123,2013-09-10,Les Echos,477mots,GREGOIRE POUSSIELGUE|LAURENCE BOISSEAU,Bras de fer pour le pouvoir chez Vivendi,"    ...  JeanRené Fourtou, le président du conseil de surveillance, sur la gouvernance, et créer un  climat de forte tension avec celui qui tient les rênes du groupe de télécoms (SFR, Maroc Telecom ...  "
124,2013-09-11,Les Echos,273mots,FREDERIC SCHAEFFER,Nouvelle baisse de l'activité dans l'industrie,"    ...  l'automobile,  poursuit Cédric Audenis.  Il y a tout de même clairement une amélioration du  climat des affaires qui devrait se concrétiser en fin d'année. » Si le redressement de l'activité ...  "
125,2013-09-11,Les Echos,250mots,MYRIAM CHAUVOT,Veolia sort des eaux de Berlin pour 600 millions,"    ...  manque de moyens financiers. Paradoxalement, Veolia a peutêtre été « sauvé des eaux » par le  climat politique allemand, qui pousse au retour à la régie publique. Ainsi, le 22 septembre, jour des ...  "
126,2013-09-30,Les Echos,133mots,,Le CAC 40 finit stable dans un climat très incertain,        ... Le CAC 40 finit stable dans un  climat très incertain  ...  
127,2013-10-18,Les Echos,308mots,JOEL COSSARDEAUX,Immigration : ce que Valls a vraiment changé,    ...  discussion au Parlement sur un projet de loi cette année va devoir être patient. Le  climat apaisé dans lequel il veut conduire ce chantier n'est pas au rendezvous et il ...  
128,2013-10-24,Les Echos,72mots,,Légère amélioration du moral des industriels,"        ...  par rapport au mois de septembre, à 98 points, dans un contexte de stabilisation du  climat global des affaires, a annoncé hier l'Insee. Il se situe toujours en dessous de la ...  "
129,2013-10-15,Les Echos,376mots,EMMANUEL GRASLAND,Le « roi de la doudoune » Moncler va faire son entrée en Bourse,"    ...  La société opère dans 66 pays et dispose de boutiques dans des pays où le  climat est tout sauf hivernal. L'Asie, où les ventes ont doublé, représente un tiers de l ...  "
130,2013-10-17,Les Echos,415mots,RENAUD HONORE,"Taxe CO2 aérienne : Bruxelles veut passer en force, les Etats freinent","    ...  son propre espace aérien » , a répondu d'avance Connie Hedegaard, la commissaire en charge du  Climat. Cette offensive est d'autant plus surprenante qu'il y a quinze jours, l'Europe avait ...  "
131,2013-11-20,Les Echos,53mots,LES ECHOS,ASSEMBLéE : RETOUR DU DéPUTé UMP AGRESSé LE 11 NOVEMBRE,"    ...  langage » qui peuvent nourrir une « haine qui monte ». «  J'ai partagé cette inquiétude sur ce  climat de haine audelà de nos sensibilités politiques » , a répondu JeanMarc Ayrault, saluant son retour ...  "
132,2013-11-19,Les Echos,821mots,JACQUES HENNO,Comment rendre les « data centers » plus sobres,"    ... 'air pulsé sur les serveurs, refroidi grâce à des bataillons de climatiseurs. Là où le  climat le permet, de plus en plus de centres utilisent le « free cooling », ou refroidissement gratuit : l ...  "
133,2013-11-20,Les Echos,564mots,PIERRE-ALAIN FURBURY,Ayrault se redonne un peu d'air avec la réforme fiscale,"    ...  initiative a été poussée par le chef du gouvernement, alerté depuis un mois par le  climat sur la fiscalité. Les modalités ont été fixées de concert avec François Hollande. Les deux hommes ...  "
134,2013-11-15,Les Echos,425mots,LEILA DE COMARMOND,"Fragilisée, la CGT cherche comment reprendre la main",    ...  avoir fait assez. Monte aussi le reproche d'avoir été trop conciliant avec FO. Le  climat est aggravé par le fait que la confédération porte encore les stigmates de la crise de ...  
135,2013-11-12,Les Echos,343mots,VERONIQUE LE BILLON,"La prolongation des réacteurs nucléaires d'EDF, enjeu de 2014",    EDF regarde avec dépit se dégrader le  climat politique. Après avoir réglé un grand nombre des dossiers qui encombraient son bureau cette année  le déficit de la contribution au service public de ...  
136,2013-11-13,Les Echos,31mots,LES ECHOS,"3,6°C","    ...  a averti hier l'Agence internationale de l'énergie hier à l'ouverture, à Varsovie des négociations sur le  climat. L'objectif est de limiter le réchauffement mondial à 2 degrés.  ...  "
137,2013-11-29,Les Echos,234mots,DOMINIQUE SEUX,Emploi : panne de projets,"    ...  poisseuse ». Et si l'investissement ne décolle pas, c'est en partie à cause du  climat anxiogène qui plane sur un pays en manque de cap et de leadership. Chacun est dès ...  "
138,2013-12-03,Les Echos,373mots,INGRID FEUERSTEIN,Vers une hausse du marché automobile français en 2014,"    ...  qui voit le marché français  « progresser légèrement, sous l'effet d'une lente amélioration du  climat économique en France » , selon Jonathon Poskitt, responsable des prévisions. Un petit rebond qui est toutefois à ...  "
139,2013-12-09,Les Echos,89mots,ARIELLE GONCALVES,"La France « prête à construire » deux nouveaux EPR en Chine, selon Ayrault","    ...  a ajouté, prudent, le Premier ministre en visite en Chine, avant de se féliciter du  «  climat extrêmement positif, très prometteur »  des relations francochinoises,  « qui augure bien de la visite du président ...  "
140,2013-12-30,Les Echos,309mots,SOLVEIG GODELUCK,"Maëlle Gavet, une Française de trente-cinq ans aux manettes d'Ozon","    ...  Gavet revend son entreprise à vingtquatre ans pour en monter une autre. Mais le  climat des affaires est dangereux :  « Dans les années 1990, il fallait faire très attention à ses investisseurs ...  "
141,2013-12-19,Les Echos,287mots,MAXIME AMIOT,Goodyear : les responsabilités pointées du doigt,"    ...  effectués sur le site pendant des années, créant ainsi, selon lui, les conditions d'un  climat social délétère. Sur les dix dernières années, les trois sites de Goodyear en France  AmiensNord ...  "
142,2013-12-30,Les Echos,224mots,MICHEL DE GRANDI,"Le Maroc, l'un des foyers possibles d'agitation sociale en 2014","    ...  élevé ». L'Europe n'est pas à l'abri, même si une dégradation forte du  climat social semble peu probable. Le risque est moyen en France, en GrandeBretagne, en Allemagne et ...  "
143,2013-09-02,Les Echos,228mots,FRANCOIS VIDAL,Marchés : le facteur X,"    ...  sur le moral des investisseurs à court terme. Pour autant, pour avoir une idée du  climat qui prévaudra sur les marchés financiers d'ici à la fin de l'année, c'est ...  "
144,2013-09-02,Les Echos,52mots,LES ECHOS,Le retour du « mur » budgétaire américain,"    ...  le vote du budget 2014 et le relèvement du plafond de la dette fédérale. Le  climat promet d'être exécrable car tout le monde, au Congrès, a déjà en tête les élections ...  "
145,2013-09-09,Les Echos,427mots,LEILA DE COMARMOND,Retraite : la journée d'action contre la réforme s'annonce peu suivie,"    ...  pas encore rentrés. En 2010, bien que concernés, ils ne s'étaient pas non plus beaucoup mobilisés. C'est cependant le signe que le  climat social est fragile. L. de C.  ...  "
146,2013-09-11,Les Echos,452mots,ANNE FEITZ,Le cri d'alarme des énergéticiens européens,    ...  CO2 Les « utilities » soulignent aussi l'échec manifeste de la politique énergétique européenne sur le  climat. Alors que Bruxelles s'était fixé d'ambitieux objectifs en matière de gaz à effet de ...  
147,2013-10-07,Les Echos,141mots,VALERIE FROGER,"L'avis de Luc Darbonne, président de Family Business Network France","    ...  poursuivent pas uniquement des objectifs monétaires mais intègrent des dimensions qui prennent en compte le  climat social, l'émergence des talents, la RSE... Ce capital ""symbolique"" est privilégié par rapport au capital ...  "
148,2013-09-25,Les Echos,58mots,MARIE-JOSEE COUGARD,Début des vendanges tardif cette année partout en France,    ...  se fera avec deux à trois semaines de retard par rapport aux années où le  climat est plus conforme aux saisons. Le très bel été a évité les explosions de moisissures. Photo ...  
149,2013-09-25,Les Echos,441mots,MARIE-CHRISTINE CORBIER,Le climat de la rentrée universitaire s'assombrit,    ... Le  climat de la rentrée universitaire s'assombrit  ...  
150,2013-09-23,Les Echos,367mots,OLIVIER DUCUING,Arc International débarque brutalement son patron,"    ...  2011, le numéro un mondial des arts de la table doit faire face à un  climat économique dégradé, notamment au MoyenOrient, un de ses marchés phares. Après avoir augmenté la capacité ...  "
151,2013-09-23,Les Echos,143mots,PAUL MOLGA,Quatre scénarios pour le 5 e rapport,"    Pour ce 5e rapport, les climatologues ont défini quatre profils représentatifs du  climat qui correspondent à des efforts plus ou moins grands de réduction des émissions de gaz à effet de serre ...  "
152,2013-11-12,Les Echos,47mots,LES ECHOS,Commémoration sous tension,"    ...  de l'Etat a présidé hier les cérémonies du 11 Novembre à Paris dans un  climat de fortes tensions. Plusieurs manifestants, issus des rangs de l'extrême droite et certains arborant le ...  "
153,2013-11-18,Les Echos,318mots,LEMOR,Des élections sous haute tension pour le secteur de l'énergie,"    ...  par l'entreprise pour prolonger la durée de vie de ses réacteurs nucléaires. Or le  climat social, qui s'est sensiblement amélioré dans l'entreprise depuis 2010, sera déterminant pour accepter l ...  "
154,2013-11-19,Les Echos,1134mots,ETIENNE LEFEBVRE|FREDERIC SCHAEFFER|DOMINIQUE SEUX|PIERRE-ALAIN FURBURY,Jean-Marc Ayrault : « Le temps est venu d'une remise à plat de notre fiscalité »,"    ...  et fera ses propositions au Parlement. Ne craignezvous pas l'impasse, au vu du  climat actuel autour des questions fiscales et à l'approche des élections de 2014 ? Comme le président ...  "
155,2013-11-19,Les Echos,332mots,CHRISTINE BERKOVICIUS,"La Cosmetic Valley, un pôle beauté en plein essor","    ...  réseau à l'allemande, où les PMEPMI travaillent avec leurs donneurs d'ordre dans un  climat apaisé » , se félicite MarcAntoine Jamet, président du pôle et secrétaire général de LVMH.  ...  "
156,2013-11-18,Les Echos,439mots,SCHULTZ|FAURY,"Face à la faiblesse des marges, les PME résistent en limitant l'investissement","    ...  faible mais néanmoins préservée, traduisant une gestion prudente des chefs d'entreprise confrontés à un  climat de forte incertitude. Les marges observées ne rémunèrent pas le risque et l'engagement des chefs ...  "
157,2013-11-21,Les Echos,313mots,ANTOINE BOUDET,L'e-commerce va franchir la barre des 50 milliards,"    ...  8 %, après  1 % au deuxième trimestre et  4 % au premier). Ils  « semblent bénéficier d'un  climat mieux orienté au deuxième semestre pour l'investissement des entreprises qui, selon Insee, se stabiliserait après ...  "
158,2013-12-27,Les Echos,429mots,VIRGINIE ROBERT,Turquie : Erdogan opte pour la manière forte,"    ...  Ce dernier s'était engagé, lors de sa création en 2001, à mettre fin au  climat corrompu de la précédente administration. Mercredi, 3 ministres ont été contraints de démissionner parce que leurs ...  "
159,2013-12-05,Les Echos,303mots,CECILE CORNUDET,Ayrault et le coup de sang révélateur,    ...  surtout sur un motif anodin. Celui d'hier est révélateur. Il règne un drôle de  climat au sein du gouvernement. La tension politique est un peu retombée depuis l'annonce de la ...  
160,2013-12-11,Les Echos,363mots,HENRI GIBIER,Les deux visages de François Hollande,"    ...  2015 grâce à l'organisation à Paris de la Conférence des Nations unies sur le  climat. Même sur le terrain de l'Europe, où les premiers pas du nouveau pouvoir avaient peu ...  "
161,2013-09-11,Les Echos,449mots,THIERRY GANDILLOT,Georges et Jimmy sur la piste de Freud,"    ...  sans démagogie, sensible à sa douleur et capable d'humour, Devereux a su installer un  climat de confiance dans lequel la parole a pu, non sans mal, se libérer. Pari gagné La ...  "
162,2013-09-26,Les Echos,598mots,,oui / non le quizz du budget,"        ...  signaux encourageants de l'été (rebond du PIB au 2e trimestre, amélioration des enquêtes de  climat des affaires). Le gouvernement ne pouvait pas prendre le risque d'être trop optimiste : pour la ...  "
163,2013-09-16,Les Echos,259mots,PIERRE DE GASQUET,Italie : une reprise encore largement hypothétique,"    ...  à  2,1 % en rythme annuel), la menace d'instabilité gouvernementale pèse lourdement sur le  climat de confiance dans la Péninsule. « Nous ne devons pas verser dans le défaitisme : j'espère que ...  "
164,2013-09-19,Les Echos,365mots,THIBAUT MADELIN,"Merkel, l'increvable pragmatique","    ...  Jeunesse, puis celui de l'Environnement, où elle dévoile, lors de la conférence sur le  climat de 1995, sa capacité à forger des compromis internationaux. Trois ans plus tard, Helmut Kohl perd ...  "
165,2013-10-28,Les Echos,1192mots,DOMINIQUE SEUX,Pierre Moscovici : « Nous créons un troisième pilier de l'assurance-vie »,"    ...  75 % : un an après le lancement du plan compétitivité et les allégements de prélèvements l'accompagnant, le  climat reste marqué par le raslebol fiscal. Comment comptezvous en sortir ?  ...  "
166,2013-10-16,Les Echos,331mots,CHRISTIAN LIENHARDT,La papeterie Lana passe sous le contrôle du Danois Brinck,"    ...  soient délocalisées vers une autre unité du groupe, en RhénanieduNordWestphalie. Mais le  climat a fini par s'apaiser avec le dépôt de deux projets de reprise au printemps, dont ...  "
167,2013-10-24,Les Echos,505mots,JOEL COSSARDEAUX,Ecotaxe : le gouvernement reste ferme sur le calendrier,    ...  par Stéphane Le Foll. Les rapports que font remonter les préfets à Paris décrivent un  climat d'extrême tension sociale dans beaucoup de régions et pas seulement la Bretagne. L'exécutif veut ...  
168,2013-11-07,Les Echos,420mots,PIERRE-ALAIN FURBURY,L'exécutif tente de restaurer l'autorité de l'Etat,"    ...  un peu plus irriter le député PS JeanChristophe Cambadélis, qui a dit  « enrager »  hier, sur son blog, du  «  climat très ""juin 40'' qui règne sur la France » . PierreAlain Furbury  ...  "
169,2013-11-08,Les Echos,295mots,RENAUD HONORE,Aluminium : Bruxelles tire le signal d'alarme,"    ...  pas la position de la Commission, juste un rapport » , noteton à la DG  climat. L'exécutif européen devrait faire une communication officielle sur le sujet dans les semaines à venir ...  "
170,2013-11-18,Les Echos,232mots,,France Galop : les défis du nouveau directeur général,        ... Thierry Delègue prend ses fonctions aujourd'hui. Dans un  climat tendu.  ...  
171,2013-11-18,Les Echos,496mots,CALMELS,Optimisation fiscale : les députés passent en force,"    ...  députés socialistes à l'Assemblée nationale, ceuxci suscitent beaucoup d'inquiétude, tant économiquement que juridiquement, chez les dirigeants de société, qui dénoncent un  climat d'hostilité croissante à leur égard.  ...  "
172,2013-10-21,Les Echos,759mots,CECILE CORNUDET,"L'inversion de la courbe du chômage, la bonne idée qui devient piège","    ...  moins pires qu'annoncé.  « La reprise économique, c'est un élément majeur de crédibilité. Le  climat politique peut changer » , expliquetil. Les Français chausseront de nouvelles lunettes, regarderont différemment les mois ...  "
173,2013-10-16,Les Echos,513mots,PIERRE-ALAIN FURBURY,L'exécutif rattrapé par la crise bretonne,    ... JeanMarc Ayrault préside une réunion d'urgence à Matignon.Les plans sociaux et le  climat politique inquiètent au sommet de l'Etat.  ...  
174,2013-10-17,Les Echos,317mots,DAVID BARROUX,Faut-il aider la Bretagne ?,"    ...  ses oeufs dans le même panier. Et même si le Sud aime se moquer du  climat breton, force est de constater que les 2.700 kilomètres de littoral sont aussi un sacré ...  "
175,2013-11-25,Les Echos,706mots,DOMINIQUE MOISI,"Chine, Russie, Egypte ou l'introuvable Etat de droit","    ...  les critiques abondent, du choix d'un lieu  plus célèbre pour la douceur de son  climat que pour l'abondance de sa neige  jusqu'à l'extravagance et l'explosion du montant ...  "
176,2013-11-22,Les Echos,406mots,,Abattement Dutreil transmission : attention aux chausse-trapes du holding !,"        Dans le  climat de louvoiement législatif et fiscal auquel le chef d'entreprise est quotidiennement confronté, il existe pour lui un îlot de quiétude fiscale sur lequel il peut encore se réfugier ...  "
177,2013-11-25,Les Echos,79mots,LES ECHOS,Bourse : les fonds retrouvent l'envie d'investir en Europe,"    Le bon  climat boursier offre aux fonds d'investissement une voie de valorisation et de cession de leurs entreprises. Après GTT, des conseils de fonds poussent des projets d'introduction en Bourse ...  "
178,2013-11-28,Les Echos,423mots,ANNE BAUER,L'Europe doit repenser sa politique à l'Est,"    ...  petit » accord et beaucoup d'incertitudes. Le sommet s'ouvre en tout cas dans un  climat de « guerre froide » avec la Russie, furieuse de cette intrusion européenne auprès des Etats qu'elle ...  "
179,2013-12-04,Les Echos,233mots,VINCENT CHARBONNIER,La région Rhône-Alpes crée le fonds Oser pour l'énergie renouvelable,"    ...  localement  », précise Benoît Leclair, viceprésident de la région, délégué à l'énergie et au  climat. Ce fonds est doté de 9,5 millions d'euros, dont 5 millions souscrits par la ...  "
180,2013-12-10,Les Echos,256mots,FAVILLA,"Fiscal, pénal, stop !","    ...  Deux explications viennent à l'esprit : s'agissant de lutte contre la fraude fiscale, le  climat « antiriches » de la législature a pu faire perdre à la majorité ses repères historiques. Plus ...  "
181,2013-12-11,Les Echos,307mots,CECILE CORNUDET,L'union sacrée n'est plus ce qu'elle était,"    L'épisode a duré trente secondes, mais il dit beaucoup du  climat de nervosité qui entoure l'intervention française en Centrafrique.  « Le temps de la Françafrique est terminé » , a affirmé hier Jean ...  "
182,2013-12-17,Les Echos,373mots,GUILLAUME DE CALIGNON,Les salaires se moquent de la crise,"    ...  du CAE avance plusieurs raisons. D'abord,  « pour préserver la motivation des travailleurs et le  climat social, deux déterminants essentiels de la productivité, les entreprises préfèrent réduire l'emploi que les salaires ...  "
183,2013-12-17,Les Echos,767mots,GREGOIRE POUSSIELGUE,"2013, une année charnière pour le cinéma français",    ...  long de l'année prochaine. L'enjeu pour le cinéma français est de retrouver un  climat de sérénité et un modèle économique et social à même de satisfaire tout le monde. Grégoire ...  
184,2013-12-11,Les Echos,207mots,SABINE DELANGLADE,Michel Djotodia,"    ...  5 prières à Allah, pendant que sa mère lit la Bible. Dans la rue, le  climat est moins recueilli, on assassine en continu. La pensée de Michel Djotodia est difficile à suivre ...  "
185,2013-12-20,Les Echos,331mots,MARIE-SOPHIE RAMSPACHER,S'absenter de son travail reste un luxe,    ... Une majoration des RPS Fautil en déduire que le  climat est plus détérioré dans les ETI que dans les entreprises du CAC ?  « La concentration des responsabilités dans les petites et moyennes ...  
186,2013-09-03,Les Echos,334mots,THIBAUT MADELIN,Le président allemand avec Hollande à Oradour,"    ...  deux pays ont fêté cette année l'anniversaire du traité de l'Elysée dans un  climat de tensions.  « Joachim Gauck peut jouer un rôle de médiateur » , estime Martin Koopmann, directeur de la ...  "
187,2013-09-12,Les Echos,188mots,NICOLAS MADELAINE,Royaume-Uni : bientôt des billets de banque en plastique,"    ... Zélande et l'Australie. Le Canada, d'où vient le nouveau gouverneur de l'institut d'émission, Mark Carney, est le premier pays au  climat froid à avoir adopté cette technologie.  ...  "
188,2013-09-17,Les Echos,64mots,CHRISTOPHE PALIERSE,Nouvel appel à la grève chez Nouvelles Frontières et Marmara,"    Voyage :  Le  climat social se durcit chez TUI France. Les syndicats CGT et FO du groupe, réunissant notamment les voyagistes Nouvelles Frontières et Marmara, appellent en effet à une grève de 24 ...  "
189,2013-09-16,Les Echos,451mots,ISABELLE FICEK,Le FN affiche de « hautes ambitions » pour les futures élections,"    ... Galvanisée par un  climat porteur, elle a d'abord souligné  « la dynamique accélérée »  du FN au vu des sondages et des récentes élections législatives partielles, mais s'est surtout félicitée de voir ...  "
190,2013-09-30,Les Echos,178mots,GABRIEL GRESILLON,"En Chine, la population n'est pas sensibilisée","    Sur le papier au moins, la Chine s'attaque au problème du réchauffement. Après avoir longtemps ignoré le sujet, Pékin l'a inscrit au coeur de ses problématiques. Il y a ...  "
191,2013-10-04,Les Echos,835mots,MARIE-SOPHIE RAMSPACHER,Recettes et paris de PDG fondateurs,"    ...  réveillait ses troupes pour livrer l'état de ses réflexions ou passer sa colère. Un  climat désastreux mais une organisation efficace : seuls cinq niveaux hiérarchiques séparaient l'employé du PDG, ce qui ...  "
192,2013-11-12,Les Echos,560mots,ISABELLE COUET|MARINA ALCARAZ,René Ricol : « Tous les grands groupes envisagent de délocaliser certaines de leurs directions »,"    ...  plus massives d'activité et donc à des pertes d'emploi. Vous considérez que le  climat s'est vraiment dégradé en France ? Oui, l'ambiance est très hostile aux patrons. Les chefs ...  "
193,2013-10-21,Les Echos,419mots,PIERRE-ALAIN FURBURY,François Hollande affaibli par sa gestion de l'affaire Leonarda,"    ...  A l'Elysée, on mise sur les vacances scolaires de la Toussaint pour que le  climat s'apaise et que l'affaire s'estompe. Même si les organisations étudiantes ont maintenu un ...  "
194,2013-10-28,Les Echos,469mots,MYRIAM CHAUVOT,Urbanisme : les sénateurs torpillent une mesure clef,"    ...  projet de loi pour l'accès au logement et un urbanisme rénové (Alur), mais le  climat autour du texte promet de rester tendu. En particulier parce que les députés vont devoir gérer ...  "
195,2013-10-22,Les Echos,453mots,,Nos entreprises sont-elles en train d'épuiser leurs équipes ?,"        ... 'autre). Bonne nouvelle, ça ne coûte pas cher ! 4 Créer du « team spirit » Dans un  climat morose ou comment nourrir la motivation intrinsèque des collaborateurs, celle qui s'appuie sur le plaisir ...  "
196,2013-11-25,Les Echos,472mots,ANNE DRIF,Les fonds tirent profit d'un bon climat boursier pour céder leurs entreprises,    ... Les fonds tirent profit d'un bon  climat boursier pour céder leurs entreprises  ...  
197,2013-11-22,Les Echos,231mots,PASCAL POGAM,Dépassionner le gaz de schiste,"    ...  mal l'exécutif rouvrir ce dossier explosif à quatre mois des municipales et dans un  climat aussi peu favorable. Mais, après tout, les experts mobilisés pour l'occasion revendiquent euxmêmes une ...  "
198,2013-11-22,Les Echos,794mots,MARIE-SOPHIE RAMSPACHER,Dix idées reçues sur le golf... et comment les combattre,"    ... 'eau minérale. Au bord du lac Léman, outre le choix d'espèces végétales adaptées au  climat et aux sols locaux, il travaille avec la vie microbienne :  « Lorsque la nature s'autorégule d ...  "
199,2013-11-13,Les Echos,478mots,DEREK PERROTTE,Participation : le déblocage exceptionnel ne fait pas recette,    ...  gestions d'actifs à l'AFG. Ce qui est du reste une bonne chose. Le  climat économique et la peur de l'avenir jouent enfin. En dépit des tensions sur le pouvoir ...  
200,2013-11-14,Les Echos,56mots,LES ECHOS,philippines : LA COLERE MONTE CHEZ LES SURVIVANTS FACE À LA LENTEUR DE L'AIDE,"    ...  désespérément de quitter la ville en ruine de Tacloban, dévastée par le typhon, dans un  climat de plus en plus tendu face à l'arrivée très lente de l'aide. Malgré les ...  "
201,2013-11-15,Les Echos,303mots,NATHALIE HAMOU,"Claude Trink : « L'innovation, un thème riche pour la coopération bilatérale »","    ...  encore exister à l'encontre d'Israël dans certains milieux  politiques, économiques, administratifs  français. Le  climat est propice : les investisseurs français commencent à présent à venir en Israël. Ceci est le résultat ...  "
202,2013-10-23,Les Echos,471mots,MARIE-JOSEE COUGARD,Ecotaxe : les agriculteurs demandent l'ajournement,"    Le  climat dans les campagnes continue de se détériorer. Cette fois, c'est l'écotaxe créée par le gouvernement Fillon, applicable au 1er janvier 2014, qui fâche le monde agricole. Les agriculteurs ...  "
203,2013-10-21,Les Echos,345mots,FREDERIC THERIN,La menace judiciaire pousse la banque suisse Frey à cesser ses activités,"    ...  Zurich, ont conclu que la banque privée ne pouvait plus continuer de travailler dans le  climat actuel. Pour justifier sa décision, le groupe explique ne plus pouvoir supporter  « l'escalade des coûts ...  "
204,2013-11-25,Les Echos,281mots,JEAN-PHILIPPE LACOUR,Quand le commerce extérieur devient un frein à la croissance allemande,    ...  Une lente sortie du tunnel de la zone euro y serait pour quelque chose. Le  climat des affaires en Allemagne pourrait cependant souffrir au vu de qui se trame à Berlin en ...  
205,2013-12-16,Les Echos,791mots,PASCAL POGAM,"Entre Bruxelles et Moscou, l'Ukraine écartelée","    ... 'un accord d'association  « servirait les intérêts des hommes d'affaires russes en tirant le  climat des affaires vers le haut » , et en cassant cartels et monopoles. C'est peutêtre ce ...  "
206,2013-12-02,Les Echos,353mots,EMMANUEL GRASLAND,Alerte rouge sur l'investissement industriel,"    ...  Tout d'abord, l'environnement européen n'est plus un handicap. Selon COERexecode, le  climat des affaires s'améliore sur l'ensemble de la zone euro et la production industrielle est ...  "
207,2013-12-06,Les Echos,549mots,ROGER-POL DROIT,"Dur, dur d'être un enfant","    ...  court ou à long terme, cachées dans l'alimentation, l'air qu'on respire, le  climat qui change. Mais ces réalités objectives ne sont pas seules à se transformer. Le regard qu ...  "
208,2013-11-25,Les Echos,431mots,PIERRE-ALAIN FURBURY,Ayrault entame le parcours d'obstacles de la réforme fiscale,"    ...  de la conjoncture et de l'emploi permettra, d'ici à 2015, de changer le  climat dans le pays. Le dossier sur la remise à plat de la fiscalité sur lesechos.fr ...  "
209,2013-12-10,Les Echos,389mots,LUCIE ROBEQUAIN,Silicon Valley : toujours une longueur d'avance,"    ...  l'économie numérique.  « Sa réussite n'a rien à voir avec ses infrastructures et son  climat » , prévient Paul Graham, le fondateur de Y Combinator, le plus gros incubateur de startup de ...  "
210,2013-12-12,Les Echos,1298mots,DENIS FAINSILBER|DANIEL BASTIEN,Vers la fin des bastions syndicaux ?,"    ...  été mis en oeuvre à France Télécom, où 60 % des effectifs sont encore fonctionnaires. Le  climat social y semble apaisé. La CGT évolue et n'allume pas de brasiers, y notet ...  "
211,2013-12-20,Les Echos,94mots,ALAIN RUELLO,Le groupe Thales aborde 2014 dans un climat apaisé,    ... Le groupe Thales aborde 2014 dans un  climat apaisé  ...  
212,2013-12-04,Les Echos,495mots,ETIENNE LEFEBVRE|VIRGINIE ROBERT|YVES BOURDILLON,Pierre Moscovici : Pierre Moscovici : « Nous voulons doubler les échanges commerciaux avec l'Afrique d'ici à cinq ans »,"    ...  projets, une logique de flux. D'où l'organisation de ce sommet pas comme les autres, qui répond à un triple objectif : la paix et la sécurité, le  climat, l'économie.  ...  "
213,2013-09-13,Les Echos,516mots,FREDERIC SCHAEFFER|ELSA CONESA,Christian Eckert : « Une hausse de 1 ou 2 centimes de la fiscalité sur le diesel serait très raisonnable [...],"    ...  les plus exposées. Je me réjouis donc de voir l'introduction d'une contribution énergieclimat dans le projet de budget pour 2014. A titre personnel, je suis aussi favorable à un ...  "
214,2013-09-13,Les Echos,462mots,HUBERT VIALATTE,Monuments historiques : les entreprises de rénovation à la peine,"    ...  vibre autour de cette filière, qui incarne l'histoire du pays.  « Quel que soit le  climat budgétaire, il faut sauvegarder le patrimoine, qui contribue à l'attractivité touristique »,  souligne Dominique Métayer, président ...  "
215,2013-10-18,Les Echos,350mots,NESSIM AIT-KACIMI,Le dollar chute après le relèvement du plafond de la dette américaine,"    ... 'une ampleur très inhabituelle pour la première devise mondiale, et d'autant plus dans le  climat de très faible volatilité qui régnait jusqu'ici. Il a même plongé de 1,5 % par ...  "
216,2013-10-09,Les Echos,395mots,RICHARD HIAULT,Le FMI abaisse ses prévisions de croissance et s'alarme des Etats-Unis,"    ...  n'est pas le résultat d'un changement politique majeur, mais d'un changement de  climat, qui pourrait être source de satisfaction si les particuliers et les entreprises décidaient de dépenser plus ...  "
217,2013-09-17,Les Echos,243mots,LIONEL STEINMANN,Les trois défis du futur PDG de l'entreprise publique,    ...  la fois flou et pas toujours très ambitieux (sur les développements numériques par exemple). Un  climat à déminer Malgré de nombreuses initiatives et la signature début 2013 d'un accord sur la ...  
218,2013-10-11,Les Echos,275mots,CECILE CORNUDET,Quand le FN fait tourner les têtes,    ...  de crédibiliser l'action publique :  « ce sont nos résultats sur l'emploi qui répondront au  climat de pessimisme »  (François Hollande). Tenir un discours sécuritaire (Manuel Valls). Attaquer :  « le FN n'aime pas ...  
219,2013-10-31,Les Echos,328mots,DAVID BARROUX,Télévision publique : la malédiction,    ...  conjoncture ou de la réduction des financements publics. Il n'a pas totalement apaisé le  climat social et il s'est trompé dans le choix de certaines émissions. Si le stratégique « access ...  
220,2013-11-15,Les Echos,571mots,MARTINE ROBERT,Pourquoi l'art contemporain a atteint des records à New York,"    ...  à bâtir une énergie, à conférer une atmosphère événementielle à nos ventes, qui créent un  climat propice aux affaires » . Contrairement à Sotheby's, coté en Bourse, Christie's, propriété de François Pinault ...  "
221,2013-11-15,Les Echos,26mots,LES ECHOS,Climat : LOURDE fACTURE POUR LES PAYS DU SUD,    ... Climat : LOURDE fACTURE POUR LES PAYS DU SUD  ...  
222,2013-11-14,Les Echos,295mots,PHILIPPE VENTURINI,Les héros sont fatigués,"    ...  Günther Groissböck. Les mieux disposés considéreront que les voix, donc les personnages, doivent restituer ce  climat délétère de fin de règne au Walhalla et n'ont aucune raison de resplendir de mille ...  "
223,2013-11-29,Les Echos,355mots,PIERRE-ALAIN FURBURY,Hollande promet de se battre « tout le temps nécessaire »,"    ...  au fin fond du pays disent que leur petitfils a trouvé du travail, le  climat change. Ce qu'il nous faut, c'est plein de mémés comme celleslà... » PierreAlain ...  "
224,2013-12-02,Les Echos,312mots,CECILE CORNUDET,Mélenchon ou la fable du fiancé éconduit,"    ...  capacité d'indignation sont salués, mais ils ne portent pas. Il analyse comme personne le  climat social, mais c'est vers d'autres que l'on se tourne. Pourquoi ? Trop favorable à ...  "
225,2013-12-23,Les Echos,373mots,LIONEL STEINMANN,La SNCF va continuer de serrer ses coûts en 2014,"    ... Des marges en recul Les 4 autres branches devraient voir leur marge opérationnelle baisser. Le  climat est particulièrement morose pour SNCF Voyages, dont l'essentiel du chiffre d'affaires provient des TGV ...  "
226,2013-12-16,Les Echos,385mots,LEILA DE COMARMOND,Les cartes patronales et syndicales rebattues,    ...  toujours pas remise de sa crise de succession. Aller chercher une signature dans l'actuel  climat interne tendu est un pari difficile que son nouveau numéro un n'a apparemment pas pris ...  
227,2013-09-20,Les Echos,358mots,ANNE FEITZ,Pétrole : menace sur les forages en France,"    ... (BasRhin), et l'autre à la société Terre, à Forcelles (MeurtheetMoselle).  « Le  climat s'est tendu depuis deux ans avec la polémique sur les gaz de schiste. L'administration ...  "
228,2013-09-30,Les Echos,390mots,FREDERIC SCHAEFFER,Quatre Français sur dix perçoivent des signes de reprise,"    ...  signaux tangibles de l'embellie. Et ils commencent à se diffuser dans les esprits.  « Le  climat est nettement moins morose qu'avant l'été »,  constate François MiquetMarty, directeur associé de Viavoice ...  "
229,2013-10-03,Les Echos,441mots,PIERRE DE GASQUET,Enrico Letta sort renforcé de la « drôle de crise » en Italie,    ...  une clarification plus nette et l'émergence d'une nouvelle majorité plus solide. Mais le  climat de trêve va lui permettre de renouer le dialogue avec l'aile modérée du centredroit ...  
230,2013-09-20,Les Echos,460mots,,Il faut promouvoir d'autres énergies que l'électricité,        ...  un processus de transition vers un modèle énergétique plus respectueux des ressources naturelles et du  climat. Le débat sur la transition énergétique a notamment permis d'appréhender les différents enjeux associés à ...  
231,2013-09-16,Les Echos,75mots,DEREK PERROTTE,Hollande ne veut pas de hausse du prix du gazole l'an prochain,"    ...  Le président de la République a confirmé hier sur TF1 la création d'une contribution  climat énergie (CCE), mais celleci n'aura «  pas d'effet  » en 2014 sur les prix du ...  "
232,2013-09-24,Les Echos,284mots,CECILE CORNUDET,La grande peur européenne,    ...  non ! Personne n'en veut. »  Ce cri du coeur d'un conseiller élyséen témoigne du  climat politique sur l'Europe. Il est plus que prudent. Au lendemain de la réélection d'Angela ...  
233,2013-11-05,Les Echos,445mots,FREDERIC SCHAEFFER,"Un an après le rapport Gallois, de nouvelles mesures pour l'innovation","    ... (FagorBrandt, La Redoute, TillySabco...). Mais Matignon s'appuie sur l'amélioration des enquêtes de  climat des affaires et des prévisions de croissance de l'Insee et d'organismes internationaux (Bruxelles publie ...  "
234,2013-11-12,Les Echos,50mots,PIERRICK FAY,Prises de bénéfice sur le cacao,    ...  l'accélération de la récolte en Afrique de l'Ouest pour prendre leur bénéfice. Le  climat doux et plutôt sec en Côte d'Ivoire et au Ghana favorise la récolte. Le prix ...  
235,2013-11-15,Les Echos,288mots,CHRISTOPHE PALIERSE,L'armateur Costa veut doubler sa clientèle sur le marché français,"    ... Nouveau concept En dépit de son  climat économique morose, la France, où la croisière est en plein boom depuis quelques années, est  « une opportunité »,  un marché aussi  « stratégique »  que la Chine (environ ...  "
236,2013-12-20,Les Echos,447mots,VIRGINIE ROBERT,"Poutine prêt à libérer son ennemi numéro un, Mikhaïl Khodorkovski",    ...  s'est contenté de dire que cette saga n'avait pas d'influence sur le  climat d'investissements en Russie. A la veille des Jeux Olympiques de Sotchi (Barack Obama et François ...  
237,2013-12-19,Les Echos,40mots,MICHEL DE GRANDI,Allemagne : le moral des patrons en hausse,"    Le  climat des affaires s'est légèrement amélioré en Allemagne en décembre et retrouve son meilleur niveau depuis avril 2012, selon l'institut IfO. Son indicateur a progressé à 109,5, contre ...  "
238,2013-11-29,Les Echos,468mots,MARINA ALCARAZ,Bourse : les marchés ignorent les mauvais résultats des sociétés,"    ... Autre indicateur de ce  climat de morosité, les recommandations des analystes. Les conseils d'achat de valeurs ne représentent, en agrégé, « que » 47,6 % des recommandations en Europe, contre 55,6 % il ...  "
239,2013-12-18,Les Echos,537mots,LEILA DE COMARMOND,Formation : la CGT pourrait finalement signer l'accord,"    ...  sans être partagées et débattues dans l'organisation. Voilà qui en dit long sur le  climat dans la confédération. Surtout, Catherine Perret a perdu la main en fin de négociation sur sa ...  "
240,2013-12-27,Les Echos,401mots,NESSIM AIT-KACIMI,"Entre guerre des changes et attaques spéculatives, le défi des émergents","    ...  préventive est aujourd'hui plus difficile à justifier auprès de leurs partenaires commerciaux dans un  climat de suspicion généralisé. En effet, si la « guerre des changes » a été provisoirement mise entre parenthèses ...  "
241,2013-09-16,Les Echos,548mots,PIERRE-ALAIN FURBURY,Hollande écarte une taxation du diesel en 2014,"    ...  sur le plan écologique, il doit y avoir un impôt en moins » . La future « contribution  climat énergie » (CCE) montera «  en puissance de façon limitée au cours des prochaines années » . Sans effet sur ...  "
242,2013-09-25,Les Echos,489mots,DOMINIQUE CHAPUIS,Procter &amp; Gamble et Unilever innovent pour contrer la crise,"    Pour contrer un marché en berne, dans un  climat de crise, les deux champions de la grande consommation Procter &amp; Gamble et Unilever continuent d'investir massivement pour gagner des parts de marché ...  "
243,2013-09-25,Les Echos,441mots,FREDERIC SCHAEFFER,"Budget : après le choc fiscal, la promesse d'économies","    ... ,9 %, la prévision de croissance de Bercy est toutefois jugée crédible par les experts. Le  climat des affaires des affaires, publié ce matin par l'Insee,  « s'est amélioré substantiellement en septembre ...  "
244,2013-10-02,Les Echos,86mots,CATHERINE CHATIGNOUX,"[Zone euro : A la veille de la réunion, à Paris...]","    ...  soir avec ses 23 membres. Les discussions qui se sont déroulées dans un  « très bon  climat »,  selon l'Elysée, ont porté à la fois sur la situation économique de la zone euro ...  "
245,2013-10-03,Les Echos,479mots,LAURENCE ALBERT,La métropole de Paris sème la discorde chez les élus,"    ...  adopté. Près de 600 amendements ont été déposés.PCF et UMP sont vent debout. Le  climat, entre mesures d'économies, échéances municipales et tollé sur le cumul des mandats n' incite guère ...  "
246,2013-10-09,Les Echos,229mots,FREDERIC SCHAEFFER,Une hausse du PIB de 1 % en France l'an prochain,"    ...  depuis l'été (hausse de 0,5 % du PIB au deuxième trimestre, nette amélioration du  climat des affaires), poussant de nombreux économistes à réviser leurs prévisions. Mais l'embellie reste encore fragile ...  "
247,2013-10-23,Les Echos,327mots,ETIENNE LEFEBVRE,Réformer le Cice : une idée à creuser,"    ...  le marbre, en les transformant en baisse directe de charges. Et non de contribuer au  climat d'insécurité juridique en révisant chaque année les critères d'accès. Si de telles garanties ne ...  "
248,2013-11-04,Les Echos,228mots,FAVILLA,La politique réflexe,"    ...  et le raccourcissement à cinq ans du mandat du chef de l'Etat, créent un  climat permanent de campagne électorale et attisent les antagonismes, non seulement entre majorité et opposition, mais aussi ...  "
249,2013-11-25,Les Echos,398mots,THIBAUD MADELIN,Allemagne : l'accord de coalition en vue,"    ...  depuis le début de leurs discussions, il reste des points clefs à trancher dans un  climat de tension entre les trois partis. «  Nous allons tenter de conclure, mais les jours qui viennent ...  "
250,2013-11-21,Les Echos,237mots,FAVILLA,Le grand écart,"    ...  nature des institutions : en imposant une nette dichotomie entre droite et gauche, elles entretiennent un  climat permanent d'affrontement et d'invectives  qui par contrecoup favorise les extrémismes. Ensuite, au sein du ...  "
251,2013-12-06,Les Echos,137mots,DANIEL FORTIN,Dans la tête d'un candidat à l'exil,"    ...  à l'exil fiscal, harassés par l'instabilité juridique, les taxes à répétition et le  climat général de « chasse aux riches » qu'ils disent ressentir dans leur pays. L'auteur prend le ...  "
252,2013-11-26,Les Echos,104mots,LES ECHOS,La montée du poujadisme inquiète l'UIMM,"    Le  climat social tendu ne touche pas seulement les « bonnets rouges » bretons mobilisés contre l'écotaxe, les artisans ou les salariés des entreprises en déconfiture. Les dirigeants de l'UIMM, le patronat ...  "
253,2013-11-12,Les Echos,449mots,,Vous avez dit reprise ?,"        ...  mais sur un rythme plus faible. C'est de ce côté que se joue le  climat de l'emploi depuis 2011 : que les suppressions ralentissent moins vite que les créations, et l ...  "
254,2013-12-02,Les Echos,199mots,PASCAL POGAM,Gérard Mestrallet PDG de GDF Suez,"    ...  bien sur la sécurité d'approvisionnement que sur les prix de l'énergie et le  climat. Nous demandons une réduction des subventions pour les énergies renouvelables matures, comme l'éolien onshore ou ...  "
255,2013-12-10,Les Echos,315mots,EDOUARD LEDERER,Pas encore de solution miracle avec les start-up de la finance,"    ...  bien plus nuancée. Sur le plan sociologique, effectivement, ces jeunes pousses se développent dans un  climat de méfiance envers les banques. Elles proposent justement aux clients de ne pas vivre leur relation ...  "
256,2013-12-19,Les Echos,308mots,CATHERINE SABBAH,3F à Belleville : rénovation parisienne exemplaire,"    ...  thermiques exigées par la Ville de Paris.  « Impossible toutefois d'atteindre les exigences du plan  Climat, nous n'avons pas l'autorisation des architectes des bâtiments de France pour isoler les murs ...  "
257,2013-12-12,Les Echos,403mots,PIERRE DE GASQUET,Italie : Letta obtient la confiance sur fond de fièvre sociale,"    ...  à l'essentiel des demandes du nouveau « champion » de la gauche, Matteo Renzi. Mais le  climat social reste tendu avec l'essor du mouvement protestataire des « forconi » (les « fourches ») dans plusieurs grandes ...  "
258,2013-12-30,Les Echos,364mots,ISABELLE COUET,Les taux américains grimpent et entraînent ceux d'Europe,"    ...  signes d'amélioration économique se sont multipliés la semaine dernière aux EtatsUnis, créant un  climat propice à une normalisation des rendements obligataires. Les taux américains à 10 ans ont ainsi testé ...  "
259,2013-12-30,Les Echos,1145mots,PIERRE DEMOUX,Ce qui s'est passé cette année,    ...  de l'Etat ouvre la deuxième conférence environnementale du quinquennat. La création d'une  contribution  climat énergie  est annoncée. Elle rapportera 4 milliards en 2016. Le parc nucléaire est appelé à la ...  
260,2013-09-06,Les Echos,422mots,,Pourquoi la compétitivité recule dans le monde,"        ...  potentiel innovant des entreprises, en appuyant la création d'idées nouvelles et en favorisant un  climat d'affaires stimulant, pour débloquer la productivité, contribuer à une meilleure diffusion mondiale des connaissances et ...  "
261,2013-09-13,Les Echos,570mots,MURIEL JASOR,Le courage est l'outil majeur de gouvernance d'entreprise,"    ...  l'a rappelé la philosophe et psychanalyste Cynthia Fleury. Le courage de la dissidence En  climat tendu de crise, il n'est guère facile pour un chef d'entreprise  en ces circonstances ...  "
262,2013-09-20,Les Echos,294mots,CECILE CORNUDET,Les écologistes au bout d'un système,"    ...  ils s'enfoncent dans la contrition. Alors que François Hollande dévoile aujourd'hui la contribution  climaténergie, les écologistes ont passé leur journée d'hier à régler leurs comptes. JeanVincent Placé ...  "
263,2013-09-19,Les Echos,684mots,LAURENCE BOCCARA,Paris tente d'accorder luxe et modernité,"    ...  problématiques récurrentes concernent l'accessibilité (ascenseurs, normes handicapés) et l'adaptation des immeubles au plan  Climat Energie (isolation thermique, économie d'énergie). Le scénario, déjà tortueux pour des hôtels particuliers ou des ...  "
264,2013-10-15,Les Echos,226mots,ETIENNE LEFEBVRE,Ces défaillances qui alimentent la défiance,"    ...  fragilisées par des années de crise. Alors que Bercy note, à juste titre, que le  climat des affaires qui s'améliore est de bon augure pour la croissance future. Les défaillances témoignent ...  "
265,2013-10-04,Les Echos,324mots,ETIENNE LEFEBVRE,"Traquer la rente, traquer la croissance","    ...  l'économie française dans sa note de conjoncture. Redressement des marges des entreprises, amélioration du  climat des affaires, stabilisation de l'investissement, résistance de la consommation : la croissance devrait se raffermir fin ...  "
266,2013-10-10,Les Echos,276mots,EDOUARD LEDERER,Les Français plus riches que les Allemands,"    ...  des Français a progressé de 8,2 % sur un an. Comment l'expliquer dans un  climat économique pourtant bien morose ? Comme les autres membres de la zone euro, les Français ont en ...  "
267,2013-10-14,Les Echos,257mots,GUILLAUME MAUJEAN,Le crédit et la confiance,"    ...  le potentiel de rebond du pays, dans la capacité de nos institutions à créer un  climat favorable à l'investissement, dans la solidité du système bancaire. Sur ces trois piliers, on est ...  "
268,2013-10-14,Les Echos,104mots,LES ECHOS,Bernard Cazeneuve reçoit les « applaudissements républicains » des patrons,"    ...  Bézieux, a réclamé du  « grain à moudre  » en vue des Assises de la fiscalité. Le  climat sera moins courtois lors du rendezvous, aujourd'hui, entre JeanMarc Ayrault et Pierre Gattaz ...  "
269,2013-09-30,Les Echos,222mots,ISABELLE COUET,AXA a finalisé la cession d'AXA Private Equity,"    ... 'obstacles, en raison de la crise de la dette dans la zone euro et du  climat d'incertitude en France, qui a fait fuir les acquéreurs étrangers. KKR, le gestionnaire d'actifs ...  "
270,2013-09-24,Les Echos,297mots,LEILA DE COMARMOND,Retraites : FO renonce à une nouvelle manifestation,"    ...  à confirmer, en particulier sur la pénibilité. Les trotskistes de FO soucieux d'attiser le  climat social, mais aussi des fédérations du secteur public qui craignent pour leur service actif (qui permet ...  "
271,2013-09-16,Les Echos,333mots,PIERRE DE GASQUET,M arco Fortis : « L'Europe a fait fausse route sur l'Italie »,"    ...  d'instabilité gouvernementale, notre écart de taux avec l'Allemagne serait beaucoup plus favorable que celui d'Espagne. Nous payons un lourd tribut à ce  climat d'instabilité. Pierre de Gasquet  ...  "
272,2013-11-04,Les Echos,388mots,GUILLAUME DE CALIGNON,La consommation des ménages reste atone,"    ...  donc s'établir à 0,1 %. Ce scénario est soutenu par le fait que  « le  climat des affaires, qui avait commencé de se redresser dans l'industrie au printemps, s'améliore désormais ...  "
273,2013-11-15,Les Echos,305mots,CECILE CORNUDET,Le président qui voyait l'horizon reculer,"    ...  2013, mais ses proches comptent désormais sur trois ou quatre mois de plus :  « Dans le  climat de défiance, il faut que la baisse soit visible plusieurs mois d'affilée pour que les ...  "
274,2013-11-19,Les Echos,169mots,DIDIER BURG,Les banques néerlandaises restent convalescentes,"    Pour la plupart repliées sur leur marché domestique, les banques néerlandaises pâtissent du  climat économique national délétère. Outre les provisions pour créances douteuses qui rognent les comptes, les engagements dans le secteur ...  "
275,2013-10-28,Les Echos,369mots,PIERRE DE GASQUET,Air France-KLM exige une clarification du plan de sauvetage d'Alitalia,"    ...  des questions subsistent sur la solidité des engagements des banques créancières. Réductions de postes Ce  climat de tensions est relayé par certains actionnaires italiens.  « Techniquement, Alitalia est déjà en faillite » , confie un ...  "
276,2013-10-23,Les Echos,679mots,EDOUARD TETREAU,"L'affaire Prism, symbole de l'hyper-impuissance américaine",    ... L'espionnage mené par la NSA à l'encontre de ses alliés a créé un  climat insupportable. L'Europe doit désormais suspendre le projet d'accord de libreéchange avec les Etats ...  
277,2013-11-06,Les Echos,328mots,EDOUARD LEDERER,Vote crucial des actionnaires sur l'avenir du CIF,"    ... 1,3 milliard pour l'Etat En prélude à cette assemblée générale, le  climat social s'est considérablement tendu hier. L'intersyndicale a appelé à des rassemblements devant le siège parisien et ...  "
278,2013-12-17,Les Echos,201mots,HENRI GIBIER,Frank-Walter Steinmeier,"    ...  plutôt russophile, favorable à l'entrée de la Turquie dans l'Union, préoccupé par le  climat, partisan d'une position dure face à l'Iran, et peu disposé à sacrifier de fructueux ...  "
279,2013-12-23,Les Echos,363mots,HUBERT VIALATTE,Les vins de Pays d'Oc entre succès commerciaux et tensions internes,    ... L'assemblée générale du syndicat des producteurs de vin de Pays d'Oc s'est déroulée dans un  climat très tendu.  ...  
280,2013-12-12,Les Echos,51mots,LES ECHOS,Centrafrique : François Hollande s'engage à poursuivre l'opération,"    ...  et musulmans. Dans Bangui, la capitale centrafricaine, le périlleux désarmement des groupes armés par les soldats français se poursuivait toutefois dans un  climat nettement moins tendu qu'en début de semaine.  ...  "
281,2013-09-11,Les Echos,51mots,,Le plus grand bateau solaire du monde à Paris,"        ...  scientifiques destinée à mieux comprendre le courant du Gulf Stream et son impact sur le  climat en Europe de l'Ouest. Equipé de 38.000 cellules photovoltaïques, il a parcouru 20.000 ...  "
282,2013-09-09,Les Echos,324mots,PIERRE DE GASQUET,Rome tente de conjurer le spectre d'une crise politique,    ...  insisté sur l'impact désastreux qu'aurait tout retour à l'instabilité politique sur le  climat de confiance. La question de l'examen de la déchéance du « Cavaliere » est d'autant plus ...  
283,2013-09-13,Les Echos,328mots,BENJAMIN QUENELLE,Reprise en main de la culture en Russie,    ...  problèmes du musée pourraient donc être liés à l'application de cette législation.  « Possible ! Le  climat a changé à SaintPétersbourg à cause de cette loi. C'était plutôt libéral. Mais toute ...  
284,2013-09-12,Les Echos,263mots,FAVILLA,Ecologie électorale,"    ...  l'Ecologie à la tribune même de leur congrès, est la création d'une « contribution  climaténergie », nouvelle taxe carbone qui ne dit pas son nom. La proximité des élections municipales n ...  "
285,2013-09-12,Les Echos,411mots,JOEL COSSARDEAUX,"Taxation du diesel : l'exécutif renonce, les Verts s'insurgent","    ...  par les militants verts en leur réservant l'annonce de la création de cette contribution  climat énergie (CCE). Ses déclarations, survenues au surlendemain de l'avis de « raslebol fiscal » émis ...  "
286,2013-09-05,Les Echos,259mots,CECILE CORNUDET,"Nouveau Montebourg, nouvelles frontières","    ...  de Mittal ou de Petroplus aura vu ou se sera entretenu avec 42 grands patrons.  Climat apaisé. Le Montebourg nouveau est arrivé. Moins belliqueux, plus collectif, constructif. Après un an à monter ...  "
287,2013-11-18,Les Echos,217mots,LAHOUD,Nicolas Barré Directeur de la rédaction des « Echos »,"    La Relève :  « Le  climat est morose, on a l'impression que le monde s'effondre et que le pays est en déclin. Nous avons voulu montrer, au contraire, qu'il y a ...  "
288,2013-11-13,Les Echos,287mots,DEREK PERROTTE,La « prime Sarkozy » sera maintenue en 2014,"    ...  les discussions seront plus faciles avec le patronat si on attend d'être dans un  climat économique plus porteur » . D'ici là, le Comité d'orientation de la participation (Copiesas), qui entame ...  "
289,2013-11-12,Les Echos,549mots,NINON RENAUD,La Caisse des Dépôts muscle son organisation et marque son territoire,"    ...  seront pilotées respectivement par André Yché, patron de la SNI, Pierre Ducret, PDG de CDC  Climat, et Dominique Marcel, PDG de la Compagnie des Alpes. Ces trois référents thématiques compléteront le triumvirat ...  "
290,2013-11-04,Les Echos,343mots,MICHEL DE GRANDI,La relation entre les Etats-Unis et l'Allemagne dans des turbulences,"    ... Peter Friedrich le ministre allemand de l'Intérieur. Au risque de refroidir à nouveau le  climat. Vendredi, le porteparole du gouvernement, Steffen Seibert avait indiqué que les deux pays auraient besoin ...  "
291,2013-11-04,Les Echos,729mots,DOMINIQUE MOISI,"Ecoutes : entre Washington et Berlin, un choc culturel","    ...  s'approfondit chaque jour, au fil de nouvelles révélations, au point d'empoisonner sérieusement le  climat existant entre l'Amérique et ses alliés européens. L'élément le plus symbolique de cette affaire ...  "
292,2013-11-29,Les Echos,315mots,JOEL COSSARDEAUX,Droit d'asile : des pistes pour réduire les délais,"    ...  droitière du ministre de l'Intérieur. Prudent et attaché à mener sa réforme dans « un  climat apaisé », le locataire de la place Beauvau s'en tient surtout à dire, pour l'instant ...  "
293,2013-11-14,Les Echos,383mots,LUCIE ROBEQUAIN,Les Etats-Unis intensifient leur croisade anti-évasion fiscale,    ...  être extradé vers les EtatsUnis et risque jusqu'à cinq ans de prison. Le  climat de défiance est tel que certaines banques suisses refusent d'accepter de nouveaux clients américains : c ...  
294,2013-11-15,Les Echos,236mots,DANIEL FORTIN,Un champion oublié,"    ... indifférence générale ? Oui, Phenix Systems, coté à Alternext, avait connu un creux. Difficile, dans le  climat actuel des affaires, d'accorder une confiance immédiate à une entreprise proposant une telle technologie de ...  "
295,2013-11-15,Les Echos,285mots,DOMINIQUE MALECOT,Malherbe Design perfectionne l'art de la vente,"    ...  l'esthétique, essentielle au bienêtre du chaland. Cela en s'adaptant bien sûr au  climat, aux produits, aux marques et aux cultures différentes. De l'étude des comportements aux plans d ...  "
296,2013-11-26,Les Echos,361mots,EDOUARD LEDERER|VERONIQUE CHOCRON,Cofinoga : accord commercial entre les Galeries et BNP Paribas,"    ...  la BNP voudrait la voir entrer dans son giron mais ça se passe dans un  climat assez déplaisant »,  atil expliqué sur Radio Classique (groupe « Les Echos »).  « L'attente, effectivement depuis ...  "
297,2013-11-28,Les Echos,304mots,GUILLAUME DE CALIGNON,Les ménages ne croient pas à une inversion de la courbe du chômage,"    ...  quatrième mois d'affilée, les impôts arrivent largement en tête des dépenses jugées  « préoccupantes » . Le  climat social et le débat sur le « raslebol fiscal » ont visiblement un impact négatif sur ...  "
298,2013-11-25,Les Echos,173mots,CECILE CORNUDET,Nicolas Dupont-Aignan Président de Debout la République,"    ...  veut que l'Europe vive dans la paix et le dialogue plutôt que dans un  climat de haine et de chômage de masse, il faut sortir de la monnaie unique. On ne ...  "
299,2013-09-16,Les Echos,409mots,ELSA CONESA,La future taxe carbone sera progressivement alourdie pour apaiser les écologistes,"    La pression mise par les écologistes n'aura pas été complètement vaine. La future « contribution  climat énergie » (CCE), dont la création a été annoncée par JeanMarc Ayrault à la Rochelle dès ...  "
300,2013-10-01,Les Echos,159mots,,"Etats-Unis, Italie : les marchés financiers ont les nerfs à vif","        ...  au sein du parti de Silvio Berlusconi pour éviter la tenue de nouvelles élections. Ce  climat risque d'altérer le sentiment des investisseurs, qui avaient repris goût pour les actifs européens ces ...  "
301,2013-10-29,Les Echos,300mots,PHILIPPE CHEVILLEY,Le Sud sauvage de Tim Gautreaux,"    ...  bientôt rejoint par sa femme, va devoir affronter la dépression aiguë de Byron dans un  climat hostile : la chaleur qui décuple la violence des hommes, la faune dangereuse (serpents, alligators...) et la ...  "
302,2013-10-21,Les Echos,652mots,DOMINIQUE MOISI,Entre Turquie et Europe : la grande dérive,"    ... 'autoritarisme. Au printemps 2013, les manifestations de la place Taksim rappelaient sans doute davantage le  climat de « La Révolution introuvable » de Mai 68 en France  pour reprendre le titre de l'essai ...  "
303,2013-09-20,Les Echos,468mots,VERONIQUE LE BILLON|ANNE FEITZ,Le futur « mix » énergétique prend du retard,"    ...  renouvelables, les tarifs sociaux et la péréquation tarifaire entre régions. La création de la contribution  climaténergie pourrait signer la fin de cette réflexion (pour ne pas empiler les taxes), sauf à ...  "
304,2013-10-02,Les Echos,590mots,MURIEL JASOR,« Les réformes doivent générer de nouvelles sources d'activité »,"    ...  d'emprunter. Les avocats sont nos partenaires naturels, et je me félicite de l'excellent  climat de confiance et de respect mutuel qui règne depuis quelques années entre le Conseil supérieur de ...  "
305,2013-09-23,Les Echos,267mots,ELSA FREYSSENET,Le président et le bonneteau écologiste,"    ...  que la pression mise sur l'exécutif a contribué à muscler les annonces : la contribution  climaténergie ne sera pas que cosmétique, une date butoir  fin 2014  a été fixée pour le ...  "
306,2013-12-24,Les Echos,165mots,MARINA ALCARAZ,Palmarès du CAC 40 : les surprises de l'année 2013,"    ... AlcatelLucent, EADS, EDF et Safran en tête des performances annuelles de l'indice.Les valeurs financières ont aussi bénéficié d'un  climat de confiance retrouvée.  ...  "
307,2013-12-10,Les Echos,309mots,MARIE-JOSEE COUGARD,Pesticides : les utilisations ont baissé pour la première fois en France,"    ...  des industriels du secteur, l'UIPP (Union des industries de la protection des plantes). Le  climat est et restera néanmoins un élément déterminant dans l'utilisation des phytosanitaires, tant que les techniques ...  "
308,2013-12-06,Les Echos,288mots,ADRIEN GOMBEAUD,Le best of du père Noël,    ...  forcément l'une des huit femmes. François Ozon place une énigme à la Agatha Christie dans un  climat de fêtes. Un film délicieusement pervers et un chant d'amour aux actrices.  ...  
309,2013-12-05,Les Echos,736mots,ERIC LE BOUCHER,Les trois erreurs de François Hollande,"    ...  exactement le double de celui de l'Allemagne. Avec une croissance faible et hésitante, un  climat de défiance des entrepreneurs, un repli des investissements et l'angoisse des ménages devant les impôts ...  "
310,2013-12-10,Les Echos,458mots,MATTHIEU QUIRET,"Energie : investie de nouveaux pouvoirs, la Guadeloupe enclenche sa transition","    ...  hier à l'occasion du lancement de l'observatoire régional de l'énergie et du  climat. La région, qui se pose désormais en modèle de transition énergétique, s'est vexée d'être ...  "
311,2013-12-23,Les Echos,88mots,FREDERIC SCHAEFFER,"Le moral des industriels au plus haut depuis deux ans, selon l'Insee","    ... (à 100 points), a annoncé vendredi l'Insee. Malgré ce petit rebond, l'indicateur du  climat général des affaires en France a légèrement reculé en décembre ( 1 point), pour s'établir à ...  "
